{"type":"FeatureCollection", "features": [
{"type":"Feature","geometry":{"type":"Point","coordinates":[-92.37872100004114,47.88958500008613,0,-1.7976931348623157e+308]},"properties":{"OBJECTID":1,"Name":"Entry Point #A","FolderPath":"paddleplanner.kml (20180501)/Paddling Areas/Entry Points","SymbolID":3,"AltMode":-1,"Base":0,"Snippet":"","PopupInfo":"Trout Lake<br />Type: Day Use Motor<br />Permits Per Day: 2<br /><a href='http://www.paddleplanner.com/tools/entrypoint.aspx?epid=A'>More Information</a>","HasLabel":0,"LabelID":-1,"Quetico":"","label":"#A","Type":"Type: Day Use Motor","EP_Name":"Trout Lake","EP_Type":"Day Use Motor"}},
{"type":"Feature","geometry":{"type":"Point","coordinates":[-91.72081248025364,47.95280930693434,0,-1.7976931348623157e+308]},"properties":{"OBJECTID":2,"Name":"Entry Point #C","FolderPath":"paddleplanner.kml (20180501)/Paddling Areas/Entry Points","SymbolID":3,"AltMode":-1,"Base":0,"Snippet":"","PopupInfo":"Fall Lake Only<br />Type: Day Use Motor<br />Permits Per Day: Varies by Week<br /><a href='http://www.paddleplanner.com/tools/entrypoint.aspx?epid=C'>More Information</a>","HasLabel":0,"LabelID":-1,"Quetico":"","label":"#C","Type":"Type: Day Use Motor","EP_Name":"Fall Lake Only","EP_Type":"Day Use Motor"}},
{"type":"Feature","geometry":{"type":"Point","coordinates":[-91.72046915700548,47.95273129465073,0,-1.7976931348623157e+308]},"properties":{"OBJECTID":3,"Name":"Entry Point #D","FolderPath":"paddleplanner.kml (20180501)/Paddling Areas/Entry Points","SymbolID":3,"AltMode":-1,"Base":0,"Snippet":"","PopupInfo":"Fall Lake, Newton, Pipestone & Beyond<br />Type: Day Use Motor<br />Permits Per Day: Varies by Week<br /><a href='http://www.paddleplanner.com/tools/entrypoint.aspx?epid=D'>More Information</a>","HasLabel":0,"LabelID":-1,"Quetico":"","label":"#D","Type":"Type: Day Use Motor","EP_Name":"Fall Lake, Newton, Pipestone & Beyond","EP_Type":"Day Use Motor"}},
{"type":"Feature","geometry":{"type":"Point","coordinates":[-91.50054947550052,47.98699308720745,0,-1.7976931348623157e+308]},"properties":{"OBJECTID":4,"Name":"Entry Point #F","FolderPath":"paddleplanner.kml (20180501)/Paddling Areas/Entry Points","SymbolID":3,"AltMode":-1,"Base":0,"Snippet":"","PopupInfo":"Moose Lk to Newfound & Sucker Lks<br />Type: Day Use Motor<br />Permits Per Day: Varies by Week<br /><a href='http://www.paddleplanner.com/tools/entrypoint.aspx?epid=F '>More Information</a>","HasLabel":0,"LabelID":-1,"Quetico":"","label":"#F","Type":"Type: Day Use Motor","EP_Name":"Moose Lk to Newfound & Sucker Lks","EP_Type":"Day Use Motor"}},
{"type":"Feature","geometry":{"type":"Point","coordinates":[-91.50009886486231,47.98732340340831,0,-1.7976931348623157e+308]},"properties":{"OBJECTID":5,"Name":"Entry Point #G","FolderPath":"paddleplanner.kml (20180501)/Paddling Areas/Entry Points","SymbolID":3,"AltMode":-1,"Base":0,"Snippet":"","PopupInfo":"Moose Lk to Prairie Portage to Basswood<br />Type: Day Use Motor<br />Permits Per Day: Varies by Week<br /><a href='http://www.paddleplanner.com/tools/entrypoint.aspx?epid=G'>More Information</a>","HasLabel":0,"LabelID":-1,"Quetico":"","label":"#G","Type":"Type: Day Use Motor","EP_Name":"Moose Lk to Prairie Portage to Basswood","EP_Type":"Day Use Motor"}},
{"type":"Feature","geometry":{"type":"Point","coordinates":[-91.43244282390282,47.97139684850828,0,-1.7976931348623157e+308]},"properties":{"OBJECTID":6,"Name":"Entry Point #H","FolderPath":"paddleplanner.kml (20180501)/Paddling Areas/Entry Points","SymbolID":3,"AltMode":-1,"Base":0,"Snippet":"","PopupInfo":"Snowbank Lake<br />Type: Day Use Motor<br />Permits Per Day: 2<br /><a href='http://www.paddleplanner.com/tools/entrypoint.aspx?epid=H'>More Information</a>","HasLabel":0,"LabelID":-1,"Quetico":"","label":"#H","Type":"Type: Day Use Motor","EP_Name":"Snowbank Lake","EP_Type":"Day Use Motor"}},
{"type":"Feature","geometry":{"type":"Point","coordinates":[-91.74109534499075,47.89210266023895,0,-1.7976931348623157e+308]},"properties":{"OBJECTID":7,"Name":"Entry Point #I","FolderPath":"paddleplanner.kml (20180501)/Paddling Areas/Entry Points","SymbolID":3,"AltMode":-1,"Base":0,"Snippet":"","PopupInfo":"South Farm Lake<br />Type: Day Use Motor<br />Permits Per Day: 2<br /><a href='http://www.paddleplanner.com/tools/entrypoint.aspx?epid=I'>More Information</a>","HasLabel":0,"LabelID":-1,"Quetico":"","label":"#I","Type":"Type: Day Use Motor","EP_Name":"South Farm Lake","EP_Type":"Day Use Motor"}},
{"type":"Feature","geometry":{"type":"Point","coordinates":[-90.88592128005604,48.17115261070853,0,-1.7976931348623157e+308]},"properties":{"OBJECTID":8,"Name":"Entry Point #J","FolderPath":"paddleplanner.kml (20180501)/Paddling Areas/Entry Points","SymbolID":3,"AltMode":-1,"Base":0,"Snippet":"","PopupInfo":"Saganaga Lake<br />Type: Day Use Motor<br />Permits Per Day: 2<br /><a href='http://www.paddleplanner.com/tools/entrypoint.aspx?epid=J'>More Information</a>","HasLabel":0,"LabelID":-1,"Quetico":"","label":"#J","Type":"Type: Day Use Motor","EP_Name":"Saganaga Lake","EP_Type":"Day Use Motor"}},
{"type":"Feature","geometry":{"type":"Point","coordinates":[-90.869599999721,48.1471600004848,0,-1.7976931348623157e+308]},"properties":{"OBJECTID":9,"Name":"Entry Point #K","FolderPath":"paddleplanner.kml (20180501)/Paddling Areas/Entry Points","SymbolID":3,"AltMode":-1,"Base":0,"Snippet":"","PopupInfo":"Seagull Lake<br />Type: Day Use Motor<br />Permits Per Day: 2<br /><a href='http://www.paddleplanner.com/tools/entrypoint.aspx?epid=K'>More Information</a>","HasLabel":0,"LabelID":-1,"Quetico":"","label":"#K","Type":"Type: Day Use Motor","EP_Name":"Seagull Lake","EP_Type":"Day Use Motor"}},
{"type":"Feature","geometry":{"type":"Point","coordinates":[-90.36924735671857,48.07494361194642,0,-1.7976931348623157e+308]},"properties":{"OBJECTID":10,"Name":"Entry Point #L","FolderPath":"paddleplanner.kml (20180501)/Paddling Areas/Entry Points","SymbolID":3,"AltMode":-1,"Base":0,"Snippet":"","PopupInfo":"Clearwater Lake<br />Type: Day Use Motor<br />Permits Per Day: Varies by Week<br /><a href='http://www.paddleplanner.com/tools/entrypoint.aspx?epid=L'>More Information</a>","HasLabel":0,"LabelID":-1,"Quetico":"","label":"#L","Type":"Type: Day Use Motor","EP_Name":"Clearwater Lake","EP_Type":"Day Use Motor"}},
{"type":"Feature","geometry":{"type":"Point","coordinates":[-90.39054409714163,48.03635514366033,0,-1.7976931348623157e+308]},"properties":{"OBJECTID":11,"Name":"Entry Point #M","FolderPath":"paddleplanner.kml (20180501)/Paddling Areas/Entry Points","SymbolID":3,"AltMode":-1,"Base":0,"Snippet":"","PopupInfo":"East Bearskin Lake<br />Type: Day Use Motor<br />Permits Per Day: Varies by Week<br /><a href='http://www.paddleplanner.com/tools/entrypoint.aspx?epid=M'>More Information</a>","HasLabel":0,"LabelID":-1,"Quetico":"","label":"#M","Type":"Type: Day Use Motor","EP_Name":"East Bearskin Lake","EP_Type":"Day Use Motor"}},
{"type":"Feature","geometry":{"type":"Point","coordinates":[-92.29152500004523,48.035730000387616,0,-1.7976931348623157e+308]},"properties":{"OBJECTID":12,"Name":"Entry Point #10","FolderPath":"paddleplanner.kml (20180501)/Paddling Areas/Entry Points","SymbolID":4,"AltMode":-1,"Base":0,"Snippet":"","PopupInfo":"Norway Trail<br />Type: Overnight Hiking<br />Permits Per Day: Unlimited<br /><a href='http://www.paddleplanner.com/tools/entrypoint.aspx?epid=10'>More Information</a>","HasLabel":0,"LabelID":-1,"Quetico":"","label":"#10","Type":"Type: Overnight Hiking","EP_Name":"Norway Trail","EP_Type":"Overnight Hiking"}},
{"type":"Feature","geometry":{"type":"Point","coordinates":[-92.13001565188756,48.1393874262281,0,-1.7976931348623157e+308]},"properties":{"OBJECTID":13,"Name":"Entry Point #11","FolderPath":"paddleplanner.kml (20180501)/Paddling Areas/Entry Points","SymbolID":4,"AltMode":-1,"Base":0,"Snippet":"","PopupInfo":"Blandin Trail<br />Type: Overnight Hiking<br />Permits Per Day: Unlimited<br /><a href='http://www.paddleplanner.com/tools/entrypoint.aspx?epid=11'>More Information</a>","HasLabel":0,"LabelID":-1,"Quetico":"","label":"#11","Type":"Type: Overnight Hiking","EP_Name":"Blandin Trail","EP_Type":"Overnight Hiking"}},
{"type":"Feature","geometry":{"type":"Point","coordinates":[-92.45655850601474,48.25091105666564,0,-1.7976931348623157e+308]},"properties":{"OBJECTID":14,"Name":"Entry Point #13","FolderPath":"paddleplanner.kml (20180501)/Paddling Areas/Entry Points","SymbolID":4,"AltMode":-1,"Base":0,"Snippet":"","PopupInfo":"Herriman Lake Trail<br />Type: Overnight Hiking<br />Permits Per Day: Unlimited<br /><a href='http://www.paddleplanner.com/tools/entrypoint.aspx?epid=13'>More Information</a>","HasLabel":0,"LabelID":-1,"Quetico":"","label":"#13","Type":"Type: Overnight Hiking","EP_Name":"Herriman Lake Trail","EP_Type":"Overnight Hiking"}},
{"type":"Feature","geometry":{"type":"Point","coordinates":[-92.18936757265794,48.14139286151874,0,-1.7976931348623157e+308]},"properties":{"OBJECTID":15,"Name":"Entry Point #15","FolderPath":"paddleplanner.kml (20180501)/Paddling Areas/Entry Points","SymbolID":4,"AltMode":-1,"Base":0,"Snippet":"","PopupInfo":"Sioux-Hustler Trail<br />Type: Overnight Hiking<br />Permits Per Day: Unlimited<br /><a href='http://www.paddleplanner.com/tools/entrypoint.aspx?epid=15'>More Information</a>","HasLabel":0,"LabelID":-1,"Quetico":"","label":"#15","Type":"Type: Overnight Hiking","EP_Name":"Sioux-Hustler Trail","EP_Type":"Overnight Hiking"}},
{"type":"Feature","geometry":{"type":"Point","coordinates":[-91.93072752238731,48.064534419104405,0,-1.7976931348623157e+308]},"properties":{"OBJECTID":16,"Name":"Entry Point #21","FolderPath":"paddleplanner.kml (20180501)/Paddling Areas/Entry Points","SymbolID":4,"AltMode":-1,"Base":0,"Snippet":"","PopupInfo":"Angleworm Trail<br />Type: Overnight Hiking<br />Permits Per Day: 2<br /><a href='http://www.paddleplanner.com/tools/entrypoint.aspx?epid=21'>More Information</a>","HasLabel":0,"LabelID":-1,"Quetico":"","label":"#21","Type":"Type: Overnight Hiking","EP_Name":"Angleworm Trail","EP_Type":"Overnight Hiking"}},
{"type":"Feature","geometry":{"type":"Point","coordinates":[-90.82386356644889,48.08940939753592,0,-1.7976931348623157e+308]},"properties":{"OBJECTID":17,"Name":"Entry Point #56","FolderPath":"paddleplanner.kml (20180501)/Paddling Areas/Entry Points","SymbolID":4,"AltMode":-1,"Base":0,"Snippet":"","PopupInfo":"Kekekabic Trail—East<br />Type: Overnight Hiking<br />Permits Per Day: 2<br /><a href='http://www.paddleplanner.com/tools/entrypoint.aspx?epid=56'>More Information</a>","HasLabel":0,"LabelID":-1,"Quetico":"","label":"#56","Type":"Type: Overnight Hiking","EP_Name":"Kekekabic Trail—East","EP_Type":"Overnight Hiking"}},
{"type":"Feature","geometry":{"type":"Point","coordinates":[-90.51864103483047,48.055091015773485,0,-1.7976931348623157e+308]},"properties":{"OBJECTID":18,"Name":"Entry Point #59","FolderPath":"paddleplanner.kml (20180501)/Paddling Areas/Entry Points","SymbolID":4,"AltMode":-1,"Base":0,"Snippet":"","PopupInfo":"Partridge Lake/South Lake Trail<br />Type: Overnight Hiking<br />Permits Per Day: 1<br /><a href='http://www.paddleplanner.com/tools/entrypoint.aspx?epid=59'>More Information</a>","HasLabel":0,"LabelID":-1,"Quetico":"","label":"#59","Type":"Type: Overnight Hiking","EP_Name":"Partridge Lake/South Lake Trail","EP_Type":"Overnight Hiking"}},
{"type":"Feature","geometry":{"type":"Point","coordinates":[-91.4655734703473,47.96809370249986,0,-1.7976931348623157e+308]},"properties":{"OBJECTID":19,"Name":"Entry Point #74","FolderPath":"paddleplanner.kml (20180501)/Paddling Areas/Entry Points","SymbolID":4,"AltMode":-1,"Base":0,"Snippet":"","PopupInfo":"Kekekabic Trail West/Snowbank<br />Type: Overnight Hiking<br />Permits Per Day: 4<br /><a href='http://www.paddleplanner.com/tools/entrypoint.aspx?epid=74'>More Information</a>","HasLabel":0,"LabelID":-1,"Quetico":"","label":"#74","Type":"Type: Overnight Hiking","EP_Name":"Kekekabic Trail West/Snowbank","EP_Type":"Overnight Hiking"}},
{"type":"Feature","geometry":{"type":"Point","coordinates":[-92.09008292371448,48.08385143733028,0,-1.7976931348623157e+308]},"properties":{"OBJECTID":20,"Name":"Entry Point #76","FolderPath":"paddleplanner.kml (20180501)/Paddling Areas/Entry Points","SymbolID":4,"AltMode":-1,"Base":0,"Snippet":"","PopupInfo":"Big Moose Lake Trail<br />Type: Overnight Hiking<br />Permits Per Day: Unlimited<br /><a href='http://www.paddleplanner.com/tools/entrypoint.aspx?epid=76'>More Information</a>","HasLabel":0,"LabelID":-1,"Quetico":"","label":"#76","Type":"Type: Overnight Hiking","EP_Name":"Big Moose Lake Trail","EP_Type":"Overnight Hiking"}},
{"type":"Feature","geometry":{"type":"Point","coordinates":[-90.64321499971174,47.92508500014429,0,-1.7976931348623157e+308]},"properties":{"OBJECTID":21,"Name":"Entry Point #78","FolderPath":"paddleplanner.kml (20180501)/Paddling Areas/Entry Points","SymbolID":4,"AltMode":-1,"Base":0,"Snippet":"","PopupInfo":"Brule Lake Trail<br />Type: Overnight Hiking<br />Permits Per Day: Unlimited<br /><a href='http://www.paddleplanner.com/tools/entrypoint.aspx?epid=78'>More Information</a>","HasLabel":0,"LabelID":-1,"Quetico":"","label":"#78","Type":"Type: Overnight Hiking","EP_Name":"Brule Lake Trail","EP_Type":"Overnight Hiking"}},
{"type":"Feature","geometry":{"type":"Point","coordinates":[-90.54588154986175,47.86343266301088,0,-1.7976931348623157e+308]},"properties":{"OBJECTID":22,"Name":"Entry Point #79","FolderPath":"paddleplanner.kml (20180501)/Paddling Areas/Entry Points","SymbolID":4,"AltMode":-1,"Base":0,"Snippet":"","PopupInfo":"Eagle Mountain Trail<br />Type: Overnight Hiking<br />Permits Per Day: Unlimited<br /><a href='http://www.paddleplanner.com/tools/entrypoint.aspx?epid=79'>More Information</a>","HasLabel":0,"LabelID":-1,"Quetico":"","label":"#79","Type":"Type: Overnight Hiking","EP_Name":"Eagle Mountain Trail","EP_Type":"Overnight Hiking"}},
{"type":"Feature","geometry":{"type":"Point","coordinates":[-90.64922169854873,48.07493966593205,0,-1.7976931348623157e+308]},"properties":{"OBJECTID":23,"Name":"Entry Point #81","FolderPath":"paddleplanner.kml (20180501)/Paddling Areas/Entry Points","SymbolID":4,"AltMode":-1,"Base":0,"Snippet":"","PopupInfo":"Border Route Trail—West<br />Type: Overnight Hiking<br />Permits Per Day: 1<br /><a href='http://www.paddleplanner.com/tools/entrypoint.aspx?epid=81'>More Information</a>","HasLabel":0,"LabelID":-1,"Quetico":"","label":"#81","Type":"Type: Overnight Hiking","EP_Name":"Border Route Trail—West","EP_Type":"Overnight Hiking"}},
{"type":"Feature","geometry":{"type":"Point","coordinates":[-90.38269058859066,48.069377594711455,0,-1.7976931348623157e+308]},"properties":{"OBJECTID":24,"Name":"Entry Point #82","FolderPath":"paddleplanner.kml (20180501)/Paddling Areas/Entry Points","SymbolID":4,"AltMode":-1,"Base":0,"Snippet":"","PopupInfo":"Border Route Trail—Center<br />Type: Overnight Hiking<br />Permits Per Day: 2<br /><a href='http://www.paddleplanner.com/tools/entrypoint.aspx?epid=82'>More Information</a>","HasLabel":0,"LabelID":-1,"Quetico":"","label":"#82","Type":"Type: Overnight Hiking","EP_Name":"Border Route Trail—Center","EP_Type":"Overnight Hiking"}},
{"type":"Feature","geometry":{"type":"Point","coordinates":[-90.05591706462485,48.05420506555265,0,-1.7976931348623157e+308]},"properties":{"OBJECTID":25,"Name":"Entry Point #83","FolderPath":"paddleplanner.kml (20180501)/Paddling Areas/Entry Points","SymbolID":4,"AltMode":-1,"Base":0,"Snippet":"","PopupInfo":"Border Route Trail—East<br />Type: Overnight Hiking<br />Permits Per Day: 3<br /><a href='http://www.paddleplanner.com/tools/entrypoint.aspx?epid=83'>More Information</a>","HasLabel":0,"LabelID":-1,"Quetico":"","label":"#83","Type":"Type: Overnight Hiking","EP_Name":"Border Route Trail—East","EP_Type":"Overnight Hiking"}},
{"type":"Feature","geometry":{"type":"Point","coordinates":[-91.30642727978073,47.8012890940916,0,-1.7976931348623157e+308]},"properties":{"OBJECTID":26,"Name":"Entry Point #86","FolderPath":"paddleplanner.kml (20180501)/Paddling Areas/Entry Points","SymbolID":4,"AltMode":-1,"Base":0,"Snippet":"","PopupInfo":"Pow Wow Trail<br />Type: Overnight Hiking<br />Permits Per Day: Unlimited<br /><a href='http://www.paddleplanner.com/tools/entrypoint.aspx?epid=86'>More Information</a>","HasLabel":0,"LabelID":-1,"Quetico":"","label":"#86","Type":"Type: Overnight Hiking","EP_Name":"Pow Wow Trail","EP_Type":"Overnight Hiking"}},
{"type":"Feature","geometry":{"type":"Point","coordinates":[-92.37873200008113,47.88927899997367,0,-1.7976931348623157e+308]},"properties":{"OBJECTID":27,"Name":"Entry Point #1","FolderPath":"paddleplanner.kml (20180501)/Paddling Areas/Entry Points","SymbolID":5,"AltMode":-1,"Base":0,"Snippet":"","PopupInfo":"Trout Lake<br />Type: Overnight Paddle or Motor<br />Permits Per Day: 14<br /><a href='http://www.paddleplanner.com/tools/entrypoint.aspx?epid=1'>More Information</a>","HasLabel":0,"LabelID":-1,"Quetico":"","label":"#1","Type":"Type: Overnight Paddle or Motor","EP_Name":"Trout Lake","EP_Type":"Overnight Paddle or Motor"}},
{"type":"Feature","geometry":{"type":"Point","coordinates":[-92.4791319770793,48.26580954082817,0,-1.7976931348623157e+308]},"properties":{"OBJECTID":28,"Name":"Entry Point #12","FolderPath":"paddleplanner.kml (20180501)/Paddling Areas/Entry Points","SymbolID":5,"AltMode":-1,"Base":0,"Snippet":"","PopupInfo":"Little Vermilion Lake<br />Type: Overnight Paddle or Motor<br />Permits Per Day: 6<br /><a href='http://www.paddleplanner.com/tools/entrypoint.aspx?epid=12'>More Information</a>","HasLabel":0,"LabelID":-1,"Quetico":"","label":"#12","Type":"Type: Overnight Paddle or Motor","EP_Name":"Little Vermilion Lake","EP_Type":"Overnight Paddle or Motor"}},
{"type":"Feature","geometry":{"type":"Point","coordinates":[-92.47672871834237,48.26606664976288,0,-1.7976931348623157e+308]},"properties":{"OBJECTID":29,"Name":"Entry Point #12A","FolderPath":"paddleplanner.kml (20180501)/Paddling Areas/Entry Points","SymbolID":5,"AltMode":-1,"Base":0,"Snippet":"","PopupInfo":"Lac La Croix<br />Type: Overnight Paddle or Motor<br />Permits Per Day: 8<br /><a href='http://www.paddleplanner.com/tools/entrypoint.aspx?epid=12A'>More Information</a>","HasLabel":0,"LabelID":-1,"Quetico":"","label":"#12A","Type":"Type: Overnight Paddle or Motor","EP_Name":"Lac La Croix","EP_Type":"Overnight Paddle or Motor"}},
{"type":"Feature","geometry":{"type":"Point","coordinates":[-91.72102705703372,47.952537283945446,0,-1.7976931348623157e+308]},"properties":{"OBJECTID":30,"Name":"Entry Point #24","FolderPath":"paddleplanner.kml (20180501)/Paddling Areas/Entry Points","SymbolID":5,"AltMode":-1,"Base":0,"Snippet":"","PopupInfo":"Fall Lake<br />Type: Overnight Paddle or Motor<br />Permits Per Day: 14<br /><a href='http://www.paddleplanner.com/tools/entrypoint.aspx?epid=24'>More Information</a>","HasLabel":0,"LabelID":-1,"Quetico":"","label":"#24","Type":"Type: Overnight Paddle or Motor","EP_Name":"Fall Lake","EP_Type":"Overnight Paddle or Motor"}},
{"type":"Feature","geometry":{"type":"Point","coordinates":[-91.50093571390465,47.98673457826766,0,-1.7976931348623157e+308]},"properties":{"OBJECTID":31,"Name":"Entry Point #25","FolderPath":"paddleplanner.kml (20180501)/Paddling Areas/Entry Points","SymbolID":5,"AltMode":-1,"Base":0,"Snippet":"","PopupInfo":"Moose Lake<br />Type: Overnight Paddle or Motor<br />Permits Per Day: 27<br /><a href='http://www.paddleplanner.com/tools/entrypoint.aspx?epid=25'>More Information</a>","HasLabel":0,"LabelID":-1,"Quetico":"","label":"#25","Type":"Type: Overnight Paddle or Motor","EP_Name":"Moose Lake","EP_Type":"Overnight Paddle or Motor"}},
{"type":"Feature","geometry":{"type":"Point","coordinates":[-91.43171326325051,47.97260357389524,0,-1.7976931348623157e+308]},"properties":{"OBJECTID":32,"Name":"Entry Point #27","FolderPath":"paddleplanner.kml (20180501)/Paddling Areas/Entry Points","SymbolID":5,"AltMode":-1,"Base":0,"Snippet":"","PopupInfo":"Snowbank Lake<br />Type: Overnight Paddle or Motor<br />Permits Per Day: 8<br /><a href='http://www.paddleplanner.com/tools/entrypoint.aspx?epid=27'>More Information</a>","HasLabel":0,"LabelID":-1,"Quetico":"","label":"#27","Type":"Type: Overnight Paddle or Motor","EP_Name":"Snowbank Lake","EP_Type":"Overnight Paddle or Motor"}},
{"type":"Feature","geometry":{"type":"Point","coordinates":[-91.741653244019,47.893316462651626,0,-1.7976931348623157e+308]},"properties":{"OBJECTID":33,"Name":"Entry Point #31","FolderPath":"paddleplanner.kml (20180501)/Paddling Areas/Entry Points","SymbolID":5,"AltMode":-1,"Base":0,"Snippet":"","PopupInfo":"Farm Lake<br />Type: Overnight Paddle or Motor<br />Permits Per Day: 3<br /><a href='http://www.paddleplanner.com/tools/entrypoint.aspx?epid=31'>More Information</a>","HasLabel":0,"LabelID":-1,"Quetico":"","label":"#31","Type":"Type: Overnight Paddle or Motor","EP_Name":"Farm Lake","EP_Type":"Overnight Paddle or Motor"}},
{"type":"Feature","geometry":{"type":"Point","coordinates":[-90.89393000017128,48.15726000020277,0,-1.7976931348623157e+308]},"properties":{"OBJECTID":34,"Name":"Entry Point #54","FolderPath":"paddleplanner.kml (20180501)/Paddling Areas/Entry Points","SymbolID":5,"AltMode":-1,"Base":0,"Snippet":"","PopupInfo":"Seagull Lake<br />Type: Overnight Paddle or Motor<br />Permits Per Day: 11<br /><a href='http://www.paddleplanner.com/tools/entrypoint.aspx?epid=54'>More Information</a>","HasLabel":0,"LabelID":-1,"Quetico":"","label":"#54","Type":"Type: Overnight Paddle or Motor","EP_Name":"Seagull Lake","EP_Type":"Overnight Paddle or Motor"}},
{"type":"Feature","geometry":{"type":"Point","coordinates":[-90.8866293826303,48.17169639868541,0,-1.7976931348623157e+308]},"properties":{"OBJECTID":35,"Name":"Entry Point #55","FolderPath":"paddleplanner.kml (20180501)/Paddling Areas/Entry Points","SymbolID":5,"AltMode":-1,"Base":0,"Snippet":"","PopupInfo":"Saganaga Lake<br />Type: Overnight Paddle or Motor<br />Permits Per Day: 17<br /><a href='http://www.paddleplanner.com/tools/entrypoint.aspx?epid=55'>More Information</a>","HasLabel":0,"LabelID":-1,"Quetico":"","label":"#55","Type":"Type: Overnight Paddle or Motor","EP_Name":"Saganaga Lake","EP_Type":"Overnight Paddle or Motor"}},
{"type":"Feature","geometry":{"type":"Point","coordinates":[-90.36845342283226,48.07524469104095,0,-1.7976931348623157e+308]},"properties":{"OBJECTID":36,"Name":"Entry Point #62","FolderPath":"paddleplanner.kml (20180501)/Paddling Areas/Entry Points","SymbolID":5,"AltMode":-1,"Base":0,"Snippet":"","PopupInfo":"Clearwater Lake<br />Type: Overnight Paddle or Motor<br />Permits Per Day: 3<br /><a href='http://www.paddleplanner.com/tools/entrypoint.aspx?epid=62'>More Information</a>","HasLabel":0,"LabelID":-1,"Quetico":"","label":"#62","Type":"Type: Overnight Paddle or Motor","EP_Name":"Clearwater Lake","EP_Type":"Overnight Paddle or Motor"}},
{"type":"Feature","geometry":{"type":"Point","coordinates":[-90.3913165729499,48.03640536184287,0,-1.7976931348623157e+308]},"properties":{"OBJECTID":37,"Name":"Entry Point #64","FolderPath":"paddleplanner.kml (20180501)/Paddling Areas/Entry Points","SymbolID":5,"AltMode":-1,"Base":0,"Snippet":"","PopupInfo":"East Bearskin Lake<br />Type: Overnight Paddle or Motor<br />Permits Per Day: 4<br /><a href='http://www.paddleplanner.com/tools/entrypoint.aspx?epid=64'>More Information</a>","HasLabel":0,"LabelID":-1,"Quetico":"","label":"#64","Type":"Type: Overnight Paddle or Motor","EP_Name":"East Bearskin Lake","EP_Type":"Overnight Paddle or Motor"}},
{"type":"Feature","geometry":{"type":"Point","coordinates":[-92.21063212596397,48.146421887801466,0,-1.7976931348623157e+308]},"properties":{"OBJECTID":38,"Name":"Entry Point #14","FolderPath":"paddleplanner.kml (20180501)/Paddling Areas/Entry Points","SymbolID":6,"AltMode":-1,"Base":0,"Snippet":"","PopupInfo":"Little Indian Sioux River North<br />Type: Overnight Paddle Only<br />Permits Per Day: 6<br /><a href='http://www.paddleplanner.com/tools/entrypoint.aspx?epid=14'>More Information</a>","HasLabel":0,"LabelID":-1,"Quetico":"","label":"#14","Type":"Type: Overnight Paddle Only","EP_Name":"Little Indian Sioux River North","EP_Type":"Overnight Paddle Only"}},
{"type":"Feature","geometry":{"type":"Point","coordinates":[-92.09950284196003,48.122775871837746,0,-1.7976931348623157e+308]},"properties":{"OBJECTID":39,"Name":"Entry Point #16","FolderPath":"paddleplanner.kml (20180501)/Paddling Areas/Entry Points","SymbolID":6,"AltMode":-1,"Base":0,"Snippet":"","PopupInfo":"Moose/Portage River North of Echo Trail<br />Type: Overnight Paddle Only<br />Permits Per Day: 7<br /><a href='http://www.paddleplanner.com/tools/entrypoint.aspx?epid=16'>More Information</a>","HasLabel":0,"LabelID":-1,"Quetico":"","label":"#16","Type":"Type: Overnight Paddle Only","EP_Name":"Moose/Portage River North of Echo Trail","EP_Type":"Overnight Paddle Only"}},
{"type":"Feature","geometry":{"type":"Point","coordinates":[-91.98880271051627,48.09642721004877,0,-1.7976931348623157e+308]},"properties":{"OBJECTID":40,"Name":"Entry Point #19","FolderPath":"paddleplanner.kml (20180501)/Paddling Areas/Entry Points","SymbolID":6,"AltMode":-1,"Base":0,"Snippet":"","PopupInfo":"Stuart River<br />Type: Overnight Paddle Only<br />Permits Per Day: 1<br /><a href='http://www.paddleplanner.com/tools/entrypoint.aspx?epid=19'>More Information</a>","HasLabel":0,"LabelID":-1,"Quetico":"","label":"#19","Type":"Type: Overnight Paddle Only","EP_Name":"Stuart River","EP_Type":"Overnight Paddle Only"}},
{"type":"Feature","geometry":{"type":"Point","coordinates":[-91.93088845397239,48.06480464008678,0,-1.7976931348623157e+308]},"properties":{"OBJECTID":41,"Name":"Entry Point #20","FolderPath":"paddleplanner.kml (20180501)/Paddling Areas/Entry Points","SymbolID":6,"AltMode":-1,"Base":0,"Snippet":"","PopupInfo":"Angleworm Lake<br />Type: Overnight Paddle Only<br />Permits Per Day: 2<br /><a href='http://www.paddleplanner.com/tools/entrypoint.aspx?epid=20'>More Information</a>","HasLabel":0,"LabelID":-1,"Quetico":"","label":"#20","Type":"Type: Overnight Paddle Only","EP_Name":"Angleworm Lake","EP_Type":"Overnight Paddle Only"}},
{"type":"Feature","geometry":{"type":"Point","coordinates":[-91.8347044393011,48.03226652179637,0,-1.7976931348623157e+308]},"properties":{"OBJECTID":42,"Name":"Entry Point #22","FolderPath":"paddleplanner.kml (20180501)/Paddling Areas/Entry Points","SymbolID":6,"AltMode":-1,"Base":0,"Snippet":"","PopupInfo":"Mudro Lake—Restricted<br />Type: Overnight Paddle Only<br />Permits Per Day: 2<br /><a href='http://www.paddleplanner.com/tools/entrypoint.aspx?epid=22'>More Information</a>","HasLabel":0,"LabelID":-1,"Quetico":"","label":"#22","Type":"Type: Overnight Paddle Only","EP_Name":"Mudro Lake—Restricted","EP_Type":"Overnight Paddle Only"}},
{"type":"Feature","geometry":{"type":"Point","coordinates":[-91.8342484636434,48.03210868322253,0,-1.7976931348623157e+308]},"properties":{"OBJECTID":43,"Name":"Entry Point #23","FolderPath":"paddleplanner.kml (20180501)/Paddling Areas/Entry Points","SymbolID":6,"AltMode":-1,"Base":0,"Snippet":"","PopupInfo":"Mudro Lake<br />Type: Overnight Paddle Only<br />Permits Per Day: 6<br /><a href='http://www.paddleplanner.com/tools/entrypoint.aspx?epid=23'>More Information</a>","HasLabel":0,"LabelID":-1,"Quetico":"","label":"#23","Type":"Type: Overnight Paddle Only","EP_Name":"Mudro Lake","EP_Type":"Overnight Paddle Only"}},
{"type":"Feature","geometry":{"type":"Point","coordinates":[-91.6040599998069,47.95864000013148,0,-1.7976931348623157e+308]},"properties":{"OBJECTID":44,"Name":"Entry Point #26","FolderPath":"paddleplanner.kml (20180501)/Paddling Areas/Entry Points","SymbolID":6,"AltMode":-1,"Base":0,"Snippet":"","PopupInfo":"Wood Lake<br />Type: Overnight Paddle Only<br />Permits Per Day: 2<br /><a href='http://www.paddleplanner.com/tools/entrypoint.aspx?epid=26'>More Information</a>","HasLabel":0,"LabelID":-1,"Quetico":"","label":"#26","Type":"Type: Overnight Paddle Only","EP_Name":"Wood Lake","EP_Type":"Overnight Paddle Only"}},
{"type":"Feature","geometry":{"type":"Point","coordinates":[-91.43233553551278,47.97158360618721,0,-1.7976931348623157e+308]},"properties":{"OBJECTID":45,"Name":"Entry Point #28","FolderPath":"paddleplanner.kml (20180501)/Paddling Areas/Entry Points","SymbolID":6,"AltMode":-1,"Base":0,"Snippet":"","PopupInfo":"Snowbank Lake Only<br />Type: Overnight Paddle Only<br />Permits Per Day: 1<br /><a href='http://www.paddleplanner.com/tools/entrypoint.aspx?epid=28'>More Information</a>","HasLabel":0,"LabelID":-1,"Quetico":"","label":"#28","Type":"Type: Overnight Paddle Only","EP_Name":"Snowbank Lake Only","EP_Type":"Overnight Paddle Only"}},
{"type":"Feature","geometry":{"type":"Point","coordinates":[-91.56213835940326,47.95573559557272,0,-1.7976931348623157e+308]},"properties":{"OBJECTID":46,"Name":"Entry Point #29","FolderPath":"paddleplanner.kml (20180501)/Paddling Areas/Entry Points","SymbolID":6,"AltMode":-1,"Base":0,"Snippet":"","PopupInfo":"North Kawishiwi River<br />Type: Overnight Paddle Only<br />Permits Per Day: 1<br /><a href='http://www.paddleplanner.com/tools/entrypoint.aspx?epid=29'>More Information</a>","HasLabel":0,"LabelID":-1,"Quetico":"","label":"#29","Type":"Type: Overnight Paddle Only","EP_Name":"North Kawishiwi River","EP_Type":"Overnight Paddle Only"}},
{"type":"Feature","geometry":{"type":"Point","coordinates":[-91.4782620004757,47.93921000049488,0,-1.7976931348623157e+308]},"properties":{"OBJECTID":47,"Name":"Entry Point #30","FolderPath":"paddleplanner.kml (20180501)/Paddling Areas/Entry Points","SymbolID":6,"AltMode":-1,"Base":0,"Snippet":"","PopupInfo":"Lake One<br />Type: Overnight Paddle Only<br />Permits Per Day: 7<br /><a href='http://www.paddleplanner.com/tools/entrypoint.aspx?epid=30'>More Information</a>","HasLabel":0,"LabelID":-1,"Quetico":"","label":"#30","Type":"Type: Overnight Paddle Only","EP_Name":"Lake One","EP_Type":"Overnight Paddle Only"}},
{"type":"Feature","geometry":{"type":"Point","coordinates":[-91.4783515138011,47.93947416945525,0,-1.7976931348623157e+308]},"properties":{"OBJECTID":48,"Name":"Entry Point #30F","FolderPath":"paddleplanner.kml (20180501)/Paddling Areas/Entry Points","SymbolID":6,"AltMode":-1,"Base":0,"Snippet":"","PopupInfo":"Lake One - Restricted<br />Type: Overnight Paddle Only<br />Permits Per Day: 7<br /><a href='http://www.paddleplanner.com/tools/entrypoint.aspx?epid=30F'>More Information</a>","HasLabel":0,"LabelID":-1,"Quetico":"","label":"#30F","Type":"Type: Overnight Paddle Only","EP_Name":"Lake One - Restricted","EP_Type":"Overnight Paddle Only"}},
{"type":"Feature","geometry":{"type":"Point","coordinates":[-91.66370824965458,47.84137786583193,0,-1.7976931348623157e+308]},"properties":{"OBJECTID":49,"Name":"Entry Point #32","FolderPath":"paddleplanner.kml (20180501)/Paddling Areas/Entry Points","SymbolID":6,"AltMode":-1,"Base":0,"Snippet":"","PopupInfo":"South Kawishiwi River<br />Type: Overnight Paddle Only<br />Permits Per Day: 2<br /><a href='http://www.paddleplanner.com/tools/entrypoint.aspx?epid=32'>More Information</a>","HasLabel":0,"LabelID":-1,"Quetico":"","label":"#32","Type":"Type: Overnight Paddle Only","EP_Name":"South Kawishiwi River","EP_Type":"Overnight Paddle Only"}},
{"type":"Feature","geometry":{"type":"Point","coordinates":[-91.6358400003412,47.84817999956073,0,-1.7976931348623157e+308]},"properties":{"OBJECTID":50,"Name":"Entry Point #33","FolderPath":"paddleplanner.kml (20180501)/Paddling Areas/Entry Points","SymbolID":6,"AltMode":-1,"Base":0,"Snippet":"","PopupInfo":"Little Gabbro Lake<br />Type: Overnight Paddle Only<br />Permits Per Day: 2<br /><a href='http://www.paddleplanner.com/tools/entrypoint.aspx?epid=33'>More Information</a>","HasLabel":0,"LabelID":-1,"Quetico":"","label":"#33","Type":"Type: Overnight Paddle Only","EP_Name":"Little Gabbro Lake","EP_Type":"Overnight Paddle Only"}},
{"type":"Feature","geometry":{"type":"Point","coordinates":[-91.31988124069181,47.79137523305036,0,-1.7976931348623157e+308]},"properties":{"OBJECTID":51,"Name":"Entry Point #34","FolderPath":"paddleplanner.kml (20180501)/Paddling Areas/Entry Points","SymbolID":6,"AltMode":-1,"Base":0,"Snippet":"","PopupInfo":"Island River<br />Type: Overnight Paddle Only<br />Permits Per Day: 1<br /><a href='http://www.paddleplanner.com/tools/entrypoint.aspx?epid=34'>More Information</a>","HasLabel":0,"LabelID":-1,"Quetico":"","label":"#34","Type":"Type: Overnight Paddle Only","EP_Name":"Island River","EP_Type":"Overnight Paddle Only"}},
{"type":"Feature","geometry":{"type":"Point","coordinates":[-91.30315498488449,47.80115553560603,0,-1.7976931348623157e+308]},"properties":{"OBJECTID":52,"Name":"Entry Point #35","FolderPath":"paddleplanner.kml (20180501)/Paddling Areas/Entry Points","SymbolID":6,"AltMode":-1,"Base":0,"Snippet":"","PopupInfo":"Isabella Lake<br />Type: Overnight Paddle Only<br />Permits Per Day: 2<br /><a href='http://www.paddleplanner.com/tools/entrypoint.aspx?epid=35'>More Information</a>","HasLabel":0,"LabelID":-1,"Quetico":"","label":"#35","Type":"Type: Overnight Paddle Only","EP_Name":"Isabella Lake","EP_Type":"Overnight Paddle Only"}},
{"type":"Feature","geometry":{"type":"Point","coordinates":[-91.08435110343595,47.81115399395486,0,-1.7976931348623157e+308]},"properties":{"OBJECTID":53,"Name":"Entry Point #36","FolderPath":"paddleplanner.kml (20180501)/Paddling Areas/Entry Points","SymbolID":6,"AltMode":-1,"Base":0,"Snippet":"","PopupInfo":"Hog Creek<br />Type: Overnight Paddle Only<br />Permits Per Day: 5<br /><a href='http://www.paddleplanner.com/tools/entrypoint.aspx?epid=36'>More Information</a>","HasLabel":0,"LabelID":-1,"Quetico":"","label":"#36","Type":"Type: Overnight Paddle Only","EP_Name":"Hog Creek","EP_Type":"Overnight Paddle Only"}},
{"type":"Feature","geometry":{"type":"Point","coordinates":[-91.10236481892372,47.839205642934985,0,-1.7976931348623157e+308]},"properties":{"OBJECTID":54,"Name":"Entry Point #37","FolderPath":"paddleplanner.kml (20180501)/Paddling Areas/Entry Points","SymbolID":6,"AltMode":-1,"Base":0,"Snippet":"","PopupInfo":"Kawishiwi Lake<br />Type: Overnight Paddle Only<br />Permits Per Day: 9<br /><a href='http://www.paddleplanner.com/tools/entrypoint.aspx?epid=37'>More Information</a>","HasLabel":0,"LabelID":-1,"Quetico":"","label":"#37","Type":"Type: Overnight Paddle Only","EP_Name":"Kawishiwi Lake","EP_Type":"Overnight Paddle Only"}},
{"type":"Feature","geometry":{"type":"Point","coordinates":[-90.88770226653071,47.863545609421465,0,-1.7976931348623157e+308]},"properties":{"OBJECTID":55,"Name":"Entry Point #38","FolderPath":"paddleplanner.kml (20180501)/Paddling Areas/Entry Points","SymbolID":6,"AltMode":-1,"Base":0,"Snippet":"","PopupInfo":"Sawbill Lake<br />Type: Overnight Paddle Only<br />Permits Per Day: 14<br /><a href='http://www.paddleplanner.com/tools/entrypoint.aspx?epid=38'>More Information</a>","HasLabel":0,"LabelID":-1,"Quetico":"","label":"#38","Type":"Type: Overnight Paddle Only","EP_Name":"Sawbill Lake","EP_Type":"Overnight Paddle Only"}},
{"type":"Feature","geometry":{"type":"Point","coordinates":[-90.81697777941605,47.84522291581038,0,-1.7976931348623157e+308]},"properties":{"OBJECTID":56,"Name":"Entry Point #39","FolderPath":"paddleplanner.kml (20180501)/Paddling Areas/Entry Points","SymbolID":6,"AltMode":-1,"Base":0,"Snippet":"","PopupInfo":"Baker Lake<br />Type: Overnight Paddle Only<br />Permits Per Day: 3<br /><a href='http://www.paddleplanner.com/tools/entrypoint.aspx?epid=39'>More Information</a>","HasLabel":0,"LabelID":-1,"Quetico":"","label":"#39","Type":"Type: Overnight Paddle Only","EP_Name":"Baker Lake","EP_Type":"Overnight Paddle Only"}},
{"type":"Feature","geometry":{"type":"Point","coordinates":[-91.97405278389374,47.920325742842294,0,-1.7976931348623157e+308]},"properties":{"OBJECTID":57,"Name":"Entry Point #4","FolderPath":"paddleplanner.kml (20180501)/Paddling Areas/Entry Points","SymbolID":6,"AltMode":-1,"Base":0,"Snippet":"","PopupInfo":"Crab Lake & Cummings Lake<br />Type: Overnight Paddle Only<br />Permits Per Day: 4<br /><a href='http://www.paddleplanner.com/tools/entrypoint.aspx?epid=4'>More Information</a>","HasLabel":0,"LabelID":-1,"Quetico":"","label":"#4","Type":"Type: Overnight Paddle Only","EP_Name":"Crab Lake & Cummings Lake","EP_Type":"Overnight Paddle Only"}},
{"type":"Feature","geometry":{"type":"Point","coordinates":[-90.66002657082919,47.904535327437145,0,-1.7976931348623157e+308]},"properties":{"OBJECTID":58,"Name":"Entry Point #40","FolderPath":"paddleplanner.kml (20180501)/Paddling Areas/Entry Points","SymbolID":6,"AltMode":-1,"Base":0,"Snippet":"","PopupInfo":"Homer Lake<br />Type: Overnight Paddle Only<br />Permits Per Day: 2<br /><a href='http://www.paddleplanner.com/tools/entrypoint.aspx?epid=40'>More Information</a>","HasLabel":0,"LabelID":-1,"Quetico":"","label":"#40","Type":"Type: Overnight Paddle Only","EP_Name":"Homer Lake","EP_Type":"Overnight Paddle Only"}},
{"type":"Feature","geometry":{"type":"Point","coordinates":[-90.64148500042245,47.927652000476485,0,-1.7976931348623157e+308]},"properties":{"OBJECTID":59,"Name":"Entry Point #41","FolderPath":"paddleplanner.kml (20180501)/Paddling Areas/Entry Points","SymbolID":6,"AltMode":-1,"Base":0,"Snippet":"","PopupInfo":"Brule Lake<br />Type: Overnight Paddle Only<br />Permits Per Day: 7<br /><a href='http://www.paddleplanner.com/tools/entrypoint.aspx?epid=41'>More Information</a>","HasLabel":0,"LabelID":-1,"Quetico":"","label":"#41","Type":"Type: Overnight Paddle Only","EP_Name":"Brule Lake","EP_Type":"Overnight Paddle Only"}},
{"type":"Feature","geometry":{"type":"Point","coordinates":[-90.64482380956048,47.9260501166529,0,-1.7976931348623157e+308]},"properties":{"OBJECTID":60,"Name":"Entry Point #42","FolderPath":"paddleplanner.kml (20180501)/Paddling Areas/Entry Points","SymbolID":6,"AltMode":-1,"Base":0,"Snippet":"","PopupInfo":"Brule Lake Only<br />Type: Overnight Paddle Only<br />Permits Per Day: 3<br /><a href='http://www.paddleplanner.com/tools/entrypoint.aspx?epid=42'>More Information</a>","HasLabel":0,"LabelID":-1,"Quetico":"","label":"#42","Type":"Type: Overnight Paddle Only","EP_Name":"Brule Lake Only","EP_Type":"Overnight Paddle Only"}},
{"type":"Feature","geometry":{"type":"Point","coordinates":[-90.43560773996785,47.9439203526191,0,-1.7976931348623157e+308]},"properties":{"OBJECTID":61,"Name":"Entry Point #43","FolderPath":"paddleplanner.kml (20180501)/Paddling Areas/Entry Points","SymbolID":6,"AltMode":-1,"Base":0,"Snippet":"","PopupInfo":"Bower Trout lake<br />Type: Overnight Paddle Only<br />Permits Per Day: 1<br /><a href='http://www.paddleplanner.com/tools/entrypoint.aspx?epid=43'>More Information</a>","HasLabel":0,"LabelID":-1,"Quetico":"","label":"#43","Type":"Type: Overnight Paddle Only","EP_Name":"Bower Trout lake","EP_Type":"Overnight Paddle Only"}},
{"type":"Feature","geometry":{"type":"Point","coordinates":[-90.44246259788827,47.95474757498084,0,-1.7976931348623157e+308]},"properties":{"OBJECTID":62,"Name":"Entry Point #44","FolderPath":"paddleplanner.kml (20180501)/Paddling Areas/Entry Points","SymbolID":6,"AltMode":-1,"Base":0,"Snippet":"","PopupInfo":"Ram Lake<br />Type: Overnight Paddle Only<br />Permits Per Day: 1<br /><a href='http://www.paddleplanner.com/tools/entrypoint.aspx?epid=44'>More Information</a>","HasLabel":0,"LabelID":-1,"Quetico":"","label":"#44","Type":"Type: Overnight Paddle Only","EP_Name":"Ram Lake","EP_Type":"Overnight Paddle Only"}},
{"type":"Feature","geometry":{"type":"Point","coordinates":[-90.40932585942159,48.00116101571416,0,-1.7976931348623157e+308]},"properties":{"OBJECTID":63,"Name":"Entry Point #45","FolderPath":"paddleplanner.kml (20180501)/Paddling Areas/Entry Points","SymbolID":6,"AltMode":-1,"Base":0,"Snippet":"","PopupInfo":"Morgan Lake<br />Type: Overnight Paddle Only<br />Permits Per Day: 1<br /><a href='http://www.paddleplanner.com/tools/entrypoint.aspx?epid=45'>More Information</a>","HasLabel":0,"LabelID":-1,"Quetico":"","label":"#45","Type":"Type: Overnight Paddle Only","EP_Name":"Morgan Lake","EP_Type":"Overnight Paddle Only"}},
{"type":"Feature","geometry":{"type":"Point","coordinates":[-90.54435000029389,48.055250000351464,0,-1.7976931348623157e+308]},"properties":{"OBJECTID":64,"Name":"Entry Point #47","FolderPath":"paddleplanner.kml (20180501)/Paddling Areas/Entry Points","SymbolID":6,"AltMode":-1,"Base":0,"Snippet":"","PopupInfo":"Lizz & Swamp Lakes<br />Type: Overnight Paddle Only<br />Permits Per Day: 4<br /><a href='http://www.paddleplanner.com/tools/entrypoint.aspx?epid=47'>More Information</a>","HasLabel":0,"LabelID":-1,"Quetico":"","label":"#47","Type":"Type: Overnight Paddle Only","EP_Name":"Lizz & Swamp Lakes","EP_Type":"Overnight Paddle Only"}},
{"type":"Feature","geometry":{"type":"Point","coordinates":[-90.54404000016689,48.055440000042154,0,-1.7976931348623157e+308]},"properties":{"OBJECTID":65,"Name":"Entry Point #48","FolderPath":"paddleplanner.kml (20180501)/Paddling Areas/Entry Points","SymbolID":6,"AltMode":-1,"Base":0,"Snippet":"","PopupInfo":"Meeds Lake<br />Type: Overnight Paddle Only<br />Permits Per Day: 3<br /><a href='http://www.paddleplanner.com/tools/entrypoint.aspx?epid=48'>More Information</a>","HasLabel":0,"LabelID":-1,"Quetico":"","label":"#48","Type":"Type: Overnight Paddle Only","EP_Name":"Meeds Lake","EP_Type":"Overnight Paddle Only"}},
{"type":"Feature","geometry":{"type":"Point","coordinates":[-90.5437700001853,48.055550000442054,0,-1.7976931348623157e+308]},"properties":{"OBJECTID":66,"Name":"Entry Point #49","FolderPath":"paddleplanner.kml (20180501)/Paddling Areas/Entry Points","SymbolID":6,"AltMode":-1,"Base":0,"Snippet":"","PopupInfo":"Skipper & Portage Lakes<br />Type: Overnight Paddle Only<br />Permits Per Day: 2<br /><a href='http://www.paddleplanner.com/tools/entrypoint.aspx?epid=49'>More Information</a>","HasLabel":0,"LabelID":-1,"Quetico":"","label":"#49","Type":"Type: Overnight Paddle Only","EP_Name":"Skipper & Portage Lakes","EP_Type":"Overnight Paddle Only"}},
{"type":"Feature","geometry":{"type":"Point","coordinates":[-90.82291712500819,48.07724633131778,0,-1.7976931348623157e+308]},"properties":{"OBJECTID":67,"Name":"Entry Point #50","FolderPath":"paddleplanner.kml (20180501)/Paddling Areas/Entry Points","SymbolID":6,"AltMode":-1,"Base":0,"Snippet":"","PopupInfo":"Cross Bay Lake<br />Type: Overnight Paddle Only<br />Permits Per Day: 3<br /><a href='http://www.paddleplanner.com/tools/entrypoint.aspx?epid=50'>More Information</a>","HasLabel":0,"LabelID":-1,"Quetico":"","label":"#50","Type":"Type: Overnight Paddle Only","EP_Name":"Cross Bay Lake","EP_Type":"Overnight Paddle Only"}},
{"type":"Feature","geometry":{"type":"Point","coordinates":[-90.83637644893878,48.074662617924844,0,-1.7976931348623157e+308]},"properties":{"OBJECTID":68,"Name":"Entry Point #51","FolderPath":"paddleplanner.kml (20180501)/Paddling Areas/Entry Points","SymbolID":6,"AltMode":-1,"Base":0,"Snippet":"","PopupInfo":"Missing Link Lake<br />Type: Overnight Paddle Only<br />Permits Per Day: 5<br /><a href='http://www.paddleplanner.com/tools/entrypoint.aspx?epid=51'>More Information</a>","HasLabel":0,"LabelID":-1,"Quetico":"","label":"#51","Type":"Type: Overnight Paddle Only","EP_Name":"Missing Link Lake","EP_Type":"Overnight Paddle Only"}},
{"type":"Feature","geometry":{"type":"Point","coordinates":[-90.8372347560591,48.074461897195135,0,-1.7976931348623157e+308]},"properties":{"OBJECTID":69,"Name":"Entry Point #52","FolderPath":"paddleplanner.kml (20180501)/Paddling Areas/Entry Points","SymbolID":6,"AltMode":-1,"Base":0,"Snippet":"","PopupInfo":"Brant Lake<br />Type: Overnight Paddle Only<br />Permits Per Day: 4<br /><a href='http://www.paddleplanner.com/tools/entrypoint.aspx?epid=52'>More Information</a>","HasLabel":0,"LabelID":-1,"Quetico":"","label":"#52","Type":"Type: Overnight Paddle Only","EP_Name":"Brant Lake","EP_Type":"Overnight Paddle Only"}},
{"type":"Feature","geometry":{"type":"Point","coordinates":[-90.89479000029775,48.16080000007224,0,-1.7976931348623157e+308]},"properties":{"OBJECTID":70,"Name":"Entry Point #54A","FolderPath":"paddleplanner.kml (20180501)/Paddling Areas/Entry Points","SymbolID":6,"AltMode":-1,"Base":0,"Snippet":"","PopupInfo":"Seagull Lake Only<br />Type: Overnight Paddle Only<br />Permits Per Day: 2<br /><a href='http://www.paddleplanner.com/tools/entrypoint.aspx?epid=54A'>More Information</a>","HasLabel":0,"LabelID":-1,"Quetico":"","label":"#54A","Type":"Type: Overnight Paddle Only","EP_Name":"Seagull Lake Only","EP_Type":"Overnight Paddle Only"}},
{"type":"Feature","geometry":{"type":"Point","coordinates":[-90.88643626392826,48.17136726548887,0,-1.7976931348623157e+308]},"properties":{"OBJECTID":71,"Name":"Entry Point #55A","FolderPath":"paddleplanner.kml (20180501)/Paddling Areas/Entry Points","SymbolID":6,"AltMode":-1,"Base":0,"Snippet":"","PopupInfo":"Saganaga Lake Only<br />Type: Overnight Paddle Only<br />Permits Per Day: 3<br /><a href='http://www.paddleplanner.com/tools/entrypoint.aspx?epid=55A'>More Information</a>","HasLabel":0,"LabelID":-1,"Quetico":"","label":"#55A","Type":"Type: Overnight Paddle Only","EP_Name":"Saganaga Lake Only","EP_Type":"Overnight Paddle Only"}},
{"type":"Feature","geometry":{"type":"Point","coordinates":[-90.75571612470293,48.084816989840476,0,-1.7976931348623157e+308]},"properties":{"OBJECTID":72,"Name":"Entry Point #57","FolderPath":"paddleplanner.kml (20180501)/Paddling Areas/Entry Points","SymbolID":6,"AltMode":-1,"Base":0,"Snippet":"","PopupInfo":"Magnetic Lake<br />Type: Overnight Paddle Only<br />Permits Per Day: 3<br /><a href='http://www.paddleplanner.com/tools/entrypoint.aspx?epid=57'>More Information</a>","HasLabel":0,"LabelID":-1,"Quetico":"","label":"#57","Type":"Type: Overnight Paddle Only","EP_Name":"Magnetic Lake","EP_Type":"Overnight Paddle Only"}},
{"type":"Feature","geometry":{"type":"Point","coordinates":[-90.7551153105187,48.08459972105061,0,-1.7976931348623157e+308]},"properties":{"OBJECTID":73,"Name":"Entry Point #58","FolderPath":"paddleplanner.kml (20180501)/Paddling Areas/Entry Points","SymbolID":6,"AltMode":-1,"Base":0,"Snippet":"","PopupInfo":"South Lake<br />Type: Overnight Paddle Only<br />Permits Per Day: 3<br /><a href='http://www.paddleplanner.com/tools/entrypoint.aspx?epid=58'>More Information</a>","HasLabel":0,"LabelID":-1,"Quetico":"","label":"#58","Type":"Type: Overnight Paddle Only","EP_Name":"South Lake","EP_Type":"Overnight Paddle Only"}},
{"type":"Feature","geometry":{"type":"Point","coordinates":[-91.96125800037908,47.99575300005364,0,-1.7976931348623157e+308]},"properties":{"OBJECTID":74,"Name":"Entry Point #6","FolderPath":"paddleplanner.kml (20180501)/Paddling Areas/Entry Points","SymbolID":6,"AltMode":-1,"Base":0,"Snippet":"","PopupInfo":"Slim Lake<br />Type: Overnight Paddle Only<br />Permits Per Day: 2<br /><a href='http://www.paddleplanner.com/tools/entrypoint.aspx?epid=6'>More Information</a>","HasLabel":0,"LabelID":-1,"Quetico":"","label":"#6","Type":"Type: Overnight Paddle Only","EP_Name":"Slim Lake","EP_Type":"Overnight Paddle Only"}},
{"type":"Feature","geometry":{"type":"Point","coordinates":[-90.44417000009543,48.06273999958091,0,-1.7976931348623157e+308]},"properties":{"OBJECTID":75,"Name":"Entry Point #60","FolderPath":"paddleplanner.kml (20180501)/Paddling Areas/Entry Points","SymbolID":6,"AltMode":-1,"Base":0,"Snippet":"","PopupInfo":"Duncan Lake<br />Type: Overnight Paddle Only<br />Permits Per Day: 3<br /><a href='http://www.paddleplanner.com/tools/entrypoint.aspx?epid=60'>More Information</a>","HasLabel":0,"LabelID":-1,"Quetico":"","label":"#60","Type":"Type: Overnight Paddle Only","EP_Name":"Duncan Lake","EP_Type":"Overnight Paddle Only"}},
{"type":"Feature","geometry":{"type":"Point","coordinates":[-90.39833000044683,48.06440999965207,0,-1.7976931348623157e+308]},"properties":{"OBJECTID":76,"Name":"Entry Point #61","FolderPath":"paddleplanner.kml (20180501)/Paddling Areas/Entry Points","SymbolID":6,"AltMode":-1,"Base":0,"Snippet":"","PopupInfo":"Daniels Lake<br />Type: Overnight Paddle Only<br />Permits Per Day: 1<br /><a href='http://www.paddleplanner.com/tools/entrypoint.aspx?epid=61'>More Information</a>","HasLabel":0,"LabelID":-1,"Quetico":"","label":"#61","Type":"Type: Overnight Paddle Only","EP_Name":"Daniels Lake","EP_Type":"Overnight Paddle Only"}},
{"type":"Feature","geometry":{"type":"Point","coordinates":[-90.2710463207145,48.03450484193365,0,-1.7976931348623157e+308]},"properties":{"OBJECTID":77,"Name":"Entry Point #66","FolderPath":"paddleplanner.kml (20180501)/Paddling Areas/Entry Points","SymbolID":6,"AltMode":-1,"Base":0,"Snippet":"","PopupInfo":"Crocodile River<br />Type: Overnight Paddle Only<br />Permits Per Day: 1<br /><a href='http://www.paddleplanner.com/tools/entrypoint.aspx?epid=66'>More Information</a>","HasLabel":0,"LabelID":-1,"Quetico":"","label":"#66","Type":"Type: Overnight Paddle Only","EP_Name":"Crocodile River","EP_Type":"Overnight Paddle Only"}},
{"type":"Feature","geometry":{"type":"Point","coordinates":[-91.38753728065137,47.772248952517884,0,-1.7976931348623157e+308]},"properties":{"OBJECTID":78,"Name":"Entry Point #67","FolderPath":"paddleplanner.kml (20180501)/Paddling Areas/Entry Points","SymbolID":6,"AltMode":-1,"Base":0,"Snippet":"","PopupInfo":"Bog Lake<br />Type: Overnight Paddle Only<br />Permits Per Day: 0.2<br /><a href='http://www.paddleplanner.com/tools/entrypoint.aspx?epid=67'>More Information</a>","HasLabel":0,"LabelID":-1,"Quetico":"","label":"#67","Type":"Type: Overnight Paddle Only","EP_Name":"Bog Lake","EP_Type":"Overnight Paddle Only"}},
{"type":"Feature","geometry":{"type":"Point","coordinates":[-90.05673999961658,48.053308000291395,0,-1.7976931348623157e+308]},"properties":{"OBJECTID":79,"Name":"Entry Point #68","FolderPath":"paddleplanner.kml (20180501)/Paddling Areas/Entry Points","SymbolID":6,"AltMode":-1,"Base":0,"Snippet":"","PopupInfo":"Pine Lake<br />Type: Overnight Paddle Only<br />Permits Per Day: 1<br /><a href='http://www.paddleplanner.com/tools/entrypoint.aspx?epid=68'>More Information</a>","HasLabel":0,"LabelID":-1,"Quetico":"","label":"#68","Type":"Type: Overnight Paddle Only","EP_Name":"Pine Lake","EP_Type":"Overnight Paddle Only"}},
{"type":"Feature","geometry":{"type":"Point","coordinates":[-90.05721000032526,48.05361000038931,0,-1.7976931348623157e+308]},"properties":{"OBJECTID":80,"Name":"Entry Point #69","FolderPath":"paddleplanner.kml (20180501)/Paddling Areas/Entry Points","SymbolID":6,"AltMode":-1,"Base":0,"Snippet":"","PopupInfo":"John Lake<br />Type: Overnight Paddle Only<br />Permits Per Day: 1<br /><a href='http://www.paddleplanner.com/tools/entrypoint.aspx?epid=69'>More Information</a>","HasLabel":0,"LabelID":-1,"Quetico":"","label":"#69","Type":"Type: Overnight Paddle Only","EP_Name":"John Lake","EP_Type":"Overnight Paddle Only"}},
{"type":"Feature","geometry":{"type":"Point","coordinates":[-91.99123815737016,48.091984367897055,0,-1.7976931348623157e+308]},"properties":{"OBJECTID":81,"Name":"Entry Point #7","FolderPath":"paddleplanner.kml (20180501)/Paddling Areas/Entry Points","SymbolID":6,"AltMode":-1,"Base":0,"Snippet":"","PopupInfo":"From Big Lake<br />Type: Overnight Paddle Only<br />Permits Per Day: 2<br /><a href='http://www.paddleplanner.com/tools/entrypoint.aspx?epid=7'>More Information</a>","HasLabel":0,"LabelID":-1,"Quetico":"","label":"#7","Type":"Type: Overnight Paddle Only","EP_Name":"From Big Lake","EP_Type":"Overnight Paddle Only"}},
{"type":"Feature","geometry":{"type":"Point","coordinates":[-90.05696300042729,48.053574000258436,0,-1.7976931348623157e+308]},"properties":{"OBJECTID":82,"Name":"Entry Point #70","FolderPath":"paddleplanner.kml (20180501)/Paddling Areas/Entry Points","SymbolID":6,"AltMode":-1,"Base":0,"Snippet":"","PopupInfo":"North Fowl Lake<br />Type: Overnight Paddle Only<br />Permits Per Day: 2<br /><a href='http://www.paddleplanner.com/tools/entrypoint.aspx?epid=70'>More Information</a>","HasLabel":0,"LabelID":-1,"Quetico":"","label":"#70","Type":"Type: Overnight Paddle Only","EP_Name":"North Fowl Lake","EP_Type":"Overnight Paddle Only"}},
{"type":"Feature","geometry":{"type":"Point","coordinates":[-91.43748000021515,48.051086000213445,0,-1.7976931348623157e+308]},"properties":{"OBJECTID":83,"Name":"Entry Point #71","FolderPath":"paddleplanner.kml (20180501)/Paddling Areas/Entry Points","SymbolID":6,"AltMode":-1,"Base":0,"Snippet":"","PopupInfo":"From Canada<br />Type: Overnight Paddle Only<br />Permits Per Day: 3<br /><a href='http://www.paddleplanner.com/tools/entrypoint.aspx?epid=71'>More Information</a>","HasLabel":0,"LabelID":-1,"Quetico":"","label":"#71","Type":"Type: Overnight Paddle Only","EP_Name":"From Canada","EP_Type":"Overnight Paddle Only"}},
{"type":"Feature","geometry":{"type":"Point","coordinates":[-91.4877928901247,47.77407565215873,0,-1.7976931348623157e+308]},"properties":{"OBJECTID":84,"Name":"Entry Point #75","FolderPath":"paddleplanner.kml (20180501)/Paddling Areas/Entry Points","SymbolID":6,"AltMode":-1,"Base":0,"Snippet":"","PopupInfo":"Little Isabella River<br />Type: Overnight Paddle Only<br />Permits Per Day: 1<br /><a href='http://www.paddleplanner.com/tools/entrypoint.aspx?epid=75'>More Information</a>","HasLabel":0,"LabelID":-1,"Quetico":"","label":"#75","Type":"Type: Overnight Paddle Only","EP_Name":"Little Isabella River","EP_Type":"Overnight Paddle Only"}},
{"type":"Feature","geometry":{"type":"Point","coordinates":[-91.92589954583553,48.03380894140372,0,-1.7976931348623157e+308]},"properties":{"OBJECTID":85,"Name":"Entry Point #77","FolderPath":"paddleplanner.kml (20180501)/Paddling Areas/Entry Points","SymbolID":6,"AltMode":-1,"Base":0,"Snippet":"","PopupInfo":"South Hegman Lake<br />Type: Overnight Paddle Only<br />Permits Per Day: 2<br /><a href='http://www.paddleplanner.com/tools/entrypoint.aspx?epid=77'>More Information</a>","HasLabel":0,"LabelID":-1,"Quetico":"","label":"#77","Type":"Type: Overnight Paddle Only","EP_Name":"South Hegman Lake","EP_Type":"Overnight Paddle Only"}},
{"type":"Feature","geometry":{"type":"Point","coordinates":[-92.13178429131733,48.072225650065434,0,-1.7976931348623157e+308]},"properties":{"OBJECTID":86,"Name":"Entry Point #8","FolderPath":"paddleplanner.kml (20180501)/Paddling Areas/Entry Points","SymbolID":6,"AltMode":-1,"Base":0,"Snippet":"","PopupInfo":"Moose River South<br />Type: Overnight Paddle Only<br />Permits Per Day: 1<br /><a href='http://www.paddleplanner.com/tools/entrypoint.aspx?epid=8'>More Information</a>","HasLabel":0,"LabelID":-1,"Quetico":"","label":"#8","Type":"Type: Overnight Paddle Only","EP_Name":"Moose River South","EP_Type":"Overnight Paddle Only"}},
{"type":"Feature","geometry":{"type":"Point","coordinates":[-90.84017352274282,48.1208588628686,0,-1.7976931348623157e+308]},"properties":{"OBJECTID":87,"Name":"Entry Point #80","FolderPath":"paddleplanner.kml (20180501)/Paddling Areas/Entry Points","SymbolID":6,"AltMode":-1,"Base":0,"Snippet":"","PopupInfo":"Larch Creek<br />Type: Overnight Paddle Only<br />Permits Per Day: 1<br /><a href='http://www.paddleplanner.com/tools/entrypoint.aspx?epid=80'>More Information</a>","HasLabel":0,"LabelID":-1,"Quetico":"","label":"#80","Type":"Type: Overnight Paddle Only","EP_Name":"Larch Creek","EP_Type":"Overnight Paddle Only"}},
{"type":"Feature","geometry":{"type":"Point","coordinates":[-91.5262396738957,47.77350021706678,0,-1.7976931348623157e+308]},"properties":{"OBJECTID":88,"Name":"Entry Point #84","FolderPath":"paddleplanner.kml (20180501)/Paddling Areas/Entry Points","SymbolID":6,"AltMode":-1,"Base":0,"Snippet":"","PopupInfo":"Snake River<br />Type: Overnight Paddle Only<br />Permits Per Day: 1<br /><a href='http://www.paddleplanner.com/tools/entrypoint.aspx?epid=84'>More Information</a>","HasLabel":0,"LabelID":-1,"Quetico":"","label":"#84","Type":"Type: Overnight Paddle Only","EP_Name":"Snake River","EP_Type":"Overnight Paddle Only"}},
{"type":"Feature","geometry":{"type":"Point","coordinates":[-92.2073061868727,48.14247531245388,0,-1.7976931348623157e+308]},"properties":{"OBJECTID":89,"Name":"Entry Point #9","FolderPath":"paddleplanner.kml (20180501)/Paddling Areas/Entry Points","SymbolID":6,"AltMode":-1,"Base":0,"Snippet":"","PopupInfo":"Little Indian Sioux River South<br />Type: Overnight Paddle Only<br />Permits Per Day: 1 every other day<br /><a href='http://www.paddleplanner.com/tools/entrypoint.aspx?epid=9'>More Information</a>","HasLabel":0,"LabelID":-1,"Quetico":"","label":"#9","Type":"Type: Overnight Paddle Only","EP_Name":"Little Indian Sioux River South","EP_Type":"Overnight Paddle Only"}}
]}