{"type":"FeatureCollection", "features": [
{"type":"Feature","geometry":{"type":"Point","coordinates":[-92.37872099999998,47.88958500000007,0]},"properties":{"OID":1,"Name":"Entry Point #A","FolderPath":"paddleplanner.kml (20180519)/Paddling Areas/Entry Points","SymbolID":3,"AltMode":-1,"Base":0,"Snippet":"","PopupInfo":"Trout Lake<br />Type: Day Use Motor<br />Permits Per Day: 2<br /><a href='http://www.paddleplanner.com/tools/entrypoint.aspx?epid=A'>More Information</a>","HasLabel":0,"LabelID":-1,"Type":"Entry Points","ep_type":"Day Use Motor","ep_name":"Trout Lake"}},
{"type":"Feature","geometry":{"type":"Point","coordinates":[-91.72081247999995,47.95280930700005,0]},"properties":{"OID":2,"Name":"Entry Point #C","FolderPath":"paddleplanner.kml (20180519)/Paddling Areas/Entry Points","SymbolID":3,"AltMode":-1,"Base":0,"Snippet":"","PopupInfo":"Fall Lake Only<br />Type: Day Use Motor<br />Permits Per Day: Varies by Week<br /><a href='http://www.paddleplanner.com/tools/entrypoint.aspx?epid=C'>More Information</a>","HasLabel":0,"LabelID":-1,"Type":"Entry Points","ep_type":"Day Use Motor","ep_name":"Fall Lake Only"}},
{"type":"Feature","geometry":{"type":"Point","coordinates":[-91.72046915699997,47.952731295000035,0]},"properties":{"OID":3,"Name":"Entry Point #D","FolderPath":"paddleplanner.kml (20180519)/Paddling Areas/Entry Points","SymbolID":3,"AltMode":-1,"Base":0,"Snippet":"","PopupInfo":"Fall Lake, Newton, Pipestone & Beyond<br />Type: Day Use Motor<br />Permits Per Day: Varies by Week<br /><a href='http://www.paddleplanner.com/tools/entrypoint.aspx?epid=D'>More Information</a>","HasLabel":0,"LabelID":-1,"Type":"Entry Points","ep_type":"Day Use Motor","ep_name":"Fall Lake, Newton, Pipestone & Beyond"}},
{"type":"Feature","geometry":{"type":"Point","coordinates":[-91.50054947599995,47.98699308700003,0]},"properties":{"OID":4,"Name":"Entry Point #F","FolderPath":"paddleplanner.kml (20180519)/Paddling Areas/Entry Points","SymbolID":3,"AltMode":-1,"Base":0,"Snippet":"","PopupInfo":"Moose Lk to Newfound & Sucker Lks<br />Type: Day Use Motor<br />Permits Per Day: Varies by Week<br /><a href='http://www.paddleplanner.com/tools/entrypoint.aspx?epid=F '>More Information</a>","HasLabel":0,"LabelID":-1,"Type":"Entry Points","ep_type":"Day Use Motor","ep_name":"Moose Lk to Newfound & Sucker Lks"}},
{"type":"Feature","geometry":{"type":"Point","coordinates":[-91.50009886499998,47.98732340300006,0]},"properties":{"OID":5,"Name":"Entry Point #G","FolderPath":"paddleplanner.kml (20180519)/Paddling Areas/Entry Points","SymbolID":3,"AltMode":-1,"Base":0,"Snippet":"","PopupInfo":"Moose Lk to Prairie Portage to Basswood<br />Type: Day Use Motor<br />Permits Per Day: Varies by Week<br /><a href='http://www.paddleplanner.com/tools/entrypoint.aspx?epid=G'>More Information</a>","HasLabel":0,"LabelID":-1,"Type":"Entry Points","ep_type":"Day Use Motor","ep_name":"Moose Lk to Prairie Portage to Basswood"}},
{"type":"Feature","geometry":{"type":"Point","coordinates":[-91.43244282399996,47.97139684900003,0]},"properties":{"OID":6,"Name":"Entry Point #H","FolderPath":"paddleplanner.kml (20180519)/Paddling Areas/Entry Points","SymbolID":3,"AltMode":-1,"Base":0,"Snippet":"","PopupInfo":"Snowbank Lake<br />Type: Day Use Motor<br />Permits Per Day: 2<br /><a href='http://www.paddleplanner.com/tools/entrypoint.aspx?epid=H'>More Information</a>","HasLabel":0,"LabelID":-1,"Type":"Entry Points","ep_type":"Day Use Motor","ep_name":"Snowbank Lake"}},
{"type":"Feature","geometry":{"type":"Point","coordinates":[-91.74109534499996,47.892102660000035,0]},"properties":{"OID":7,"Name":"Entry Point #I","FolderPath":"paddleplanner.kml (20180519)/Paddling Areas/Entry Points","SymbolID":3,"AltMode":-1,"Base":0,"Snippet":"","PopupInfo":"South Farm Lake<br />Type: Day Use Motor<br />Permits Per Day: 2<br /><a href='http://www.paddleplanner.com/tools/entrypoint.aspx?epid=I'>More Information</a>","HasLabel":0,"LabelID":-1,"Type":"Entry Points","ep_type":"Day Use Motor","ep_name":"South Farm Lake"}},
{"type":"Feature","geometry":{"type":"Point","coordinates":[-90.88592127899994,48.17115261100008,0]},"properties":{"OID":8,"Name":"Entry Point #J","FolderPath":"paddleplanner.kml (20180519)/Paddling Areas/Entry Points","SymbolID":3,"AltMode":-1,"Base":0,"Snippet":"","PopupInfo":"Saganaga Lake<br />Type: Day Use Motor<br />Permits Per Day: 2<br /><a href='http://www.paddleplanner.com/tools/entrypoint.aspx?epid=J'>More Information</a>","HasLabel":0,"LabelID":-1,"Type":"Entry Points","ep_type":"Day Use Motor","ep_name":"Saganaga Lake"}},
{"type":"Feature","geometry":{"type":"Point","coordinates":[-90.86959999999999,48.14716000000004,0]},"properties":{"OID":9,"Name":"Entry Point #K","FolderPath":"paddleplanner.kml (20180519)/Paddling Areas/Entry Points","SymbolID":3,"AltMode":-1,"Base":0,"Snippet":"","PopupInfo":"Seagull Lake<br />Type: Day Use Motor<br />Permits Per Day: 2<br /><a href='http://www.paddleplanner.com/tools/entrypoint.aspx?epid=K'>More Information</a>","HasLabel":0,"LabelID":-1,"Type":"Entry Points","ep_type":"Day Use Motor","ep_name":"Seagull Lake"}},
{"type":"Feature","geometry":{"type":"Point","coordinates":[-90.36924735799994,48.07494361200003,0]},"properties":{"OID":10,"Name":"Entry Point #L","FolderPath":"paddleplanner.kml (20180519)/Paddling Areas/Entry Points","SymbolID":3,"AltMode":-1,"Base":0,"Snippet":"","PopupInfo":"Clearwater Lake<br />Type: Day Use Motor<br />Permits Per Day: Varies by Week<br /><a href='http://www.paddleplanner.com/tools/entrypoint.aspx?epid=L'>More Information</a>","HasLabel":0,"LabelID":-1,"Type":"Entry Points","ep_type":"Day Use Motor","ep_name":"Clearwater Lake"}},
{"type":"Feature","geometry":{"type":"Point","coordinates":[-90.39054409699997,48.03635514400003,0]},"properties":{"OID":11,"Name":"Entry Point #M","FolderPath":"paddleplanner.kml (20180519)/Paddling Areas/Entry Points","SymbolID":3,"AltMode":-1,"Base":0,"Snippet":"","PopupInfo":"East Bearskin Lake<br />Type: Day Use Motor<br />Permits Per Day: Varies by Week<br /><a href='http://www.paddleplanner.com/tools/entrypoint.aspx?epid=M'>More Information</a>","HasLabel":0,"LabelID":-1,"Type":"Entry Points","ep_type":"Day Use Motor","ep_name":"East Bearskin Lake"}},
{"type":"Feature","geometry":{"type":"Point","coordinates":[-92.29152499999998,48.03573000000006,0]},"properties":{"OID":12,"Name":"Entry Point #10","FolderPath":"paddleplanner.kml (20180519)/Paddling Areas/Entry Points","SymbolID":4,"AltMode":-1,"Base":0,"Snippet":"","PopupInfo":"Norway Trail<br />Type: Overnight Hiking<br />Permits Per Day: Unlimited<br /><a href='http://www.paddleplanner.com/tools/entrypoint.aspx?epid=10'>More Information</a>","HasLabel":0,"LabelID":-1,"Type":"Entry Points","ep_type":"Overnight Hiking","ep_name":"Norway Trail"}},
{"type":"Feature","geometry":{"type":"Point","coordinates":[-92.13001565099995,48.13938742600004,0]},"properties":{"OID":13,"Name":"Entry Point #11","FolderPath":"paddleplanner.kml (20180519)/Paddling Areas/Entry Points","SymbolID":4,"AltMode":-1,"Base":0,"Snippet":"","PopupInfo":"Blandin Trail<br />Type: Overnight Hiking<br />Permits Per Day: Unlimited<br /><a href='http://www.paddleplanner.com/tools/entrypoint.aspx?epid=11'>More Information</a>","HasLabel":0,"LabelID":-1,"Type":"Entry Points","ep_type":"Overnight Hiking","ep_name":"Blandin Trail"}},
{"type":"Feature","geometry":{"type":"Point","coordinates":[-92.45655850599996,48.25091105700005,0]},"properties":{"OID":14,"Name":"Entry Point #13","FolderPath":"paddleplanner.kml (20180519)/Paddling Areas/Entry Points","SymbolID":4,"AltMode":-1,"Base":0,"Snippet":"","PopupInfo":"Herriman Lake Trail<br />Type: Overnight Hiking<br />Permits Per Day: Unlimited<br /><a href='http://www.paddleplanner.com/tools/entrypoint.aspx?epid=13'>More Information</a>","HasLabel":0,"LabelID":-1,"Type":"Entry Points","ep_type":"Overnight Hiking","ep_name":"Herriman Lake Trail"}},
{"type":"Feature","geometry":{"type":"Point","coordinates":[-92.18936757199998,48.14139286200003,0]},"properties":{"OID":15,"Name":"Entry Point #15","FolderPath":"paddleplanner.kml (20180519)/Paddling Areas/Entry Points","SymbolID":4,"AltMode":-1,"Base":0,"Snippet":"","PopupInfo":"Sioux-Hustler Trail<br />Type: Overnight Hiking<br />Permits Per Day: Unlimited<br /><a href='http://www.paddleplanner.com/tools/entrypoint.aspx?epid=15'>More Information</a>","HasLabel":0,"LabelID":-1,"Type":"Entry Points","ep_type":"Overnight Hiking","ep_name":"Sioux-Hustler Trail"}},
{"type":"Feature","geometry":{"type":"Point","coordinates":[-91.93072752199998,48.06453441900004,0]},"properties":{"OID":16,"Name":"Entry Point #21","FolderPath":"paddleplanner.kml (20180519)/Paddling Areas/Entry Points","SymbolID":4,"AltMode":-1,"Base":0,"Snippet":"","PopupInfo":"Angleworm Trail<br />Type: Overnight Hiking<br />Permits Per Day: 2<br /><a href='http://www.paddleplanner.com/tools/entrypoint.aspx?epid=21'>More Information</a>","HasLabel":0,"LabelID":-1,"Type":"Entry Points","ep_type":"Overnight Hiking","ep_name":"Angleworm Trail"}},
{"type":"Feature","geometry":{"type":"Point","coordinates":[-90.82386356499995,48.08940939800004,0]},"properties":{"OID":17,"Name":"Entry Point #56","FolderPath":"paddleplanner.kml (20180519)/Paddling Areas/Entry Points","SymbolID":4,"AltMode":-1,"Base":0,"Snippet":"","PopupInfo":"Kekekabic Trail—East<br />Type: Overnight Hiking<br />Permits Per Day: 2<br /><a href='http://www.paddleplanner.com/tools/entrypoint.aspx?epid=56'>More Information</a>","HasLabel":0,"LabelID":-1,"Type":"Entry Points","ep_type":"Overnight Hiking","ep_name":"Kekekabic Trail—East"}},
{"type":"Feature","geometry":{"type":"Point","coordinates":[-90.51864103499997,48.05509101600006,0]},"properties":{"OID":18,"Name":"Entry Point #59","FolderPath":"paddleplanner.kml (20180519)/Paddling Areas/Entry Points","SymbolID":4,"AltMode":-1,"Base":0,"Snippet":"","PopupInfo":"Partridge Lake/South Lake Trail<br />Type: Overnight Hiking<br />Permits Per Day: 1<br /><a href='http://www.paddleplanner.com/tools/entrypoint.aspx?epid=59'>More Information</a>","HasLabel":0,"LabelID":-1,"Type":"Entry Points","ep_type":"Overnight Hiking","ep_name":"Partridge Lake/South Lake Trail"}},
{"type":"Feature","geometry":{"type":"Point","coordinates":[-91.46557347099997,47.96809370200003,0]},"properties":{"OID":19,"Name":"Entry Point #74","FolderPath":"paddleplanner.kml (20180519)/Paddling Areas/Entry Points","SymbolID":4,"AltMode":-1,"Base":0,"Snippet":"","PopupInfo":"Kekekabic Trail West/Snowbank<br />Type: Overnight Hiking<br />Permits Per Day: 4<br /><a href='http://www.paddleplanner.com/tools/entrypoint.aspx?epid=74'>More Information</a>","HasLabel":0,"LabelID":-1,"Type":"Entry Points","ep_type":"Overnight Hiking","ep_name":"Kekekabic Trail West/Snowbank"}},
{"type":"Feature","geometry":{"type":"Point","coordinates":[-92.09008292399994,48.08385143700008,0]},"properties":{"OID":20,"Name":"Entry Point #76","FolderPath":"paddleplanner.kml (20180519)/Paddling Areas/Entry Points","SymbolID":4,"AltMode":-1,"Base":0,"Snippet":"","PopupInfo":"Big Moose Lake Trail<br />Type: Overnight Hiking<br />Permits Per Day: Unlimited<br /><a href='http://www.paddleplanner.com/tools/entrypoint.aspx?epid=76'>More Information</a>","HasLabel":0,"LabelID":-1,"Type":"Entry Points","ep_type":"Overnight Hiking","ep_name":"Big Moose Lake Trail"}},
{"type":"Feature","geometry":{"type":"Point","coordinates":[-90.64321499999994,47.92508500000008,0]},"properties":{"OID":21,"Name":"Entry Point #78","FolderPath":"paddleplanner.kml (20180519)/Paddling Areas/Entry Points","SymbolID":4,"AltMode":-1,"Base":0,"Snippet":"","PopupInfo":"Brule Lake Trail<br />Type: Overnight Hiking<br />Permits Per Day: Unlimited<br /><a href='http://www.paddleplanner.com/tools/entrypoint.aspx?epid=78'>More Information</a>","HasLabel":0,"LabelID":-1,"Type":"Entry Points","ep_type":"Overnight Hiking","ep_name":"Brule Lake Trail"}},
{"type":"Feature","geometry":{"type":"Point","coordinates":[-90.54588154899994,47.863432663000026,0]},"properties":{"OID":22,"Name":"Entry Point #79","FolderPath":"paddleplanner.kml (20180519)/Paddling Areas/Entry Points","SymbolID":4,"AltMode":-1,"Base":0,"Snippet":"","PopupInfo":"Eagle Mountain Trail<br />Type: Overnight Hiking<br />Permits Per Day: Unlimited<br /><a href='http://www.paddleplanner.com/tools/entrypoint.aspx?epid=79'>More Information</a>","HasLabel":0,"LabelID":-1,"Type":"Entry Points","ep_type":"Overnight Hiking","ep_name":"Eagle Mountain Trail"}},
{"type":"Feature","geometry":{"type":"Point","coordinates":[-90.64922169899995,48.074939666000034,0]},"properties":{"OID":23,"Name":"Entry Point #81","FolderPath":"paddleplanner.kml (20180519)/Paddling Areas/Entry Points","SymbolID":4,"AltMode":-1,"Base":0,"Snippet":"","PopupInfo":"Border Route Trail—West<br />Type: Overnight Hiking<br />Permits Per Day: 1<br /><a href='http://www.paddleplanner.com/tools/entrypoint.aspx?epid=81'>More Information</a>","HasLabel":0,"LabelID":-1,"Type":"Entry Points","ep_type":"Overnight Hiking","ep_name":"Border Route Trail—West"}},
{"type":"Feature","geometry":{"type":"Point","coordinates":[-90.38269058899994,48.06937759500005,0]},"properties":{"OID":24,"Name":"Entry Point #82","FolderPath":"paddleplanner.kml (20180519)/Paddling Areas/Entry Points","SymbolID":4,"AltMode":-1,"Base":0,"Snippet":"","PopupInfo":"Border Route Trail—Center<br />Type: Overnight Hiking<br />Permits Per Day: 2<br /><a href='http://www.paddleplanner.com/tools/entrypoint.aspx?epid=82'>More Information</a>","HasLabel":0,"LabelID":-1,"Type":"Entry Points","ep_type":"Overnight Hiking","ep_name":"Border Route Trail—Center"}},
{"type":"Feature","geometry":{"type":"Point","coordinates":[-90.05591706499996,48.054205066000065,0]},"properties":{"OID":25,"Name":"Entry Point #83","FolderPath":"paddleplanner.kml (20180519)/Paddling Areas/Entry Points","SymbolID":4,"AltMode":-1,"Base":0,"Snippet":"","PopupInfo":"Border Route Trail—East<br />Type: Overnight Hiking<br />Permits Per Day: 3<br /><a href='http://www.paddleplanner.com/tools/entrypoint.aspx?epid=83'>More Information</a>","HasLabel":0,"LabelID":-1,"Type":"Entry Points","ep_type":"Overnight Hiking","ep_name":"Border Route Trail—East"}},
{"type":"Feature","geometry":{"type":"Point","coordinates":[-91.30642728099997,47.801289094000026,0]},"properties":{"OID":26,"Name":"Entry Point #86","FolderPath":"paddleplanner.kml (20180519)/Paddling Areas/Entry Points","SymbolID":4,"AltMode":-1,"Base":0,"Snippet":"","PopupInfo":"Pow Wow Trail<br />Type: Overnight Hiking<br />Permits Per Day: Unlimited<br /><a href='http://www.paddleplanner.com/tools/entrypoint.aspx?epid=86'>More Information</a>","HasLabel":0,"LabelID":-1,"Type":"Entry Points","ep_type":"Overnight Hiking","ep_name":"Pow Wow Trail"}},
{"type":"Feature","geometry":{"type":"Point","coordinates":[-92.37873199999996,47.889279000000045,0]},"properties":{"OID":27,"Name":"Entry Point #1","FolderPath":"paddleplanner.kml (20180519)/Paddling Areas/Entry Points","SymbolID":5,"AltMode":-1,"Base":0,"Snippet":"","PopupInfo":"Trout Lake<br />Type: Overnight Paddle or Motor<br />Permits Per Day: 14<br /><a href='http://www.paddleplanner.com/tools/entrypoint.aspx?epid=1'>More Information</a>","HasLabel":0,"LabelID":-1,"Type":"Entry Points","ep_type":"Overnight Paddle or Motor","ep_name":"Trout Lake"}},
{"type":"Feature","geometry":{"type":"Point","coordinates":[-92.47913197699995,48.26580954100007,0]},"properties":{"OID":28,"Name":"Entry Point #12","FolderPath":"paddleplanner.kml (20180519)/Paddling Areas/Entry Points","SymbolID":5,"AltMode":-1,"Base":0,"Snippet":"","PopupInfo":"Little Vermilion Lake<br />Type: Overnight Paddle or Motor<br />Permits Per Day: 6<br /><a href='http://www.paddleplanner.com/tools/entrypoint.aspx?epid=12'>More Information</a>","HasLabel":0,"LabelID":-1,"Type":"Entry Points","ep_type":"Overnight Paddle or Motor","ep_name":"Little Vermilion Lake"}},
{"type":"Feature","geometry":{"type":"Point","coordinates":[-92.47672871799995,48.26606665000003,0]},"properties":{"OID":29,"Name":"Entry Point #12A","FolderPath":"paddleplanner.kml (20180519)/Paddling Areas/Entry Points","SymbolID":5,"AltMode":-1,"Base":0,"Snippet":"","PopupInfo":"Lac La Croix<br />Type: Overnight Paddle or Motor<br />Permits Per Day: 8<br /><a href='http://www.paddleplanner.com/tools/entrypoint.aspx?epid=12A'>More Information</a>","HasLabel":0,"LabelID":-1,"Type":"Entry Points","ep_type":"Overnight Paddle or Motor","ep_name":"Lac La Croix"}},
{"type":"Feature","geometry":{"type":"Point","coordinates":[-91.72102705699996,47.95253728400007,0]},"properties":{"OID":30,"Name":"Entry Point #24","FolderPath":"paddleplanner.kml (20180519)/Paddling Areas/Entry Points","SymbolID":5,"AltMode":-1,"Base":0,"Snippet":"","PopupInfo":"Fall Lake<br />Type: Overnight Paddle or Motor<br />Permits Per Day: 14<br /><a href='http://www.paddleplanner.com/tools/entrypoint.aspx?epid=24'>More Information</a>","HasLabel":0,"LabelID":-1,"Type":"Entry Points","ep_type":"Overnight Paddle or Motor","ep_name":"Fall Lake"}},
{"type":"Feature","geometry":{"type":"Point","coordinates":[-91.50093571399998,47.98673457800004,0]},"properties":{"OID":31,"Name":"Entry Point #25","FolderPath":"paddleplanner.kml (20180519)/Paddling Areas/Entry Points","SymbolID":5,"AltMode":-1,"Base":0,"Snippet":"","PopupInfo":"Moose Lake<br />Type: Overnight Paddle or Motor<br />Permits Per Day: 27<br /><a href='http://www.paddleplanner.com/tools/entrypoint.aspx?epid=25'>More Information</a>","HasLabel":0,"LabelID":-1,"Type":"Entry Points","ep_type":"Overnight Paddle or Motor","ep_name":"Moose Lake"}},
{"type":"Feature","geometry":{"type":"Point","coordinates":[-91.43171326399994,47.97260357400006,0]},"properties":{"OID":32,"Name":"Entry Point #27","FolderPath":"paddleplanner.kml (20180519)/Paddling Areas/Entry Points","SymbolID":5,"AltMode":-1,"Base":0,"Snippet":"","PopupInfo":"Snowbank Lake<br />Type: Overnight Paddle or Motor<br />Permits Per Day: 8<br /><a href='http://www.paddleplanner.com/tools/entrypoint.aspx?epid=27'>More Information</a>","HasLabel":0,"LabelID":-1,"Type":"Entry Points","ep_type":"Overnight Paddle or Motor","ep_name":"Snowbank Lake"}},
{"type":"Feature","geometry":{"type":"Point","coordinates":[-91.74165324399996,47.893316463000076,0]},"properties":{"OID":33,"Name":"Entry Point #31","FolderPath":"paddleplanner.kml (20180519)/Paddling Areas/Entry Points","SymbolID":5,"AltMode":-1,"Base":0,"Snippet":"","PopupInfo":"Farm Lake<br />Type: Overnight Paddle or Motor<br />Permits Per Day: 3<br /><a href='http://www.paddleplanner.com/tools/entrypoint.aspx?epid=31'>More Information</a>","HasLabel":0,"LabelID":-1,"Type":"Entry Points","ep_type":"Overnight Paddle or Motor","ep_name":"Farm Lake"}},
{"type":"Feature","geometry":{"type":"Point","coordinates":[-90.89392999899997,48.157260000000065,0]},"properties":{"OID":34,"Name":"Entry Point #54","FolderPath":"paddleplanner.kml (20180519)/Paddling Areas/Entry Points","SymbolID":5,"AltMode":-1,"Base":0,"Snippet":"","PopupInfo":"Seagull Lake<br />Type: Overnight Paddle or Motor<br />Permits Per Day: 11<br /><a href='http://www.paddleplanner.com/tools/entrypoint.aspx?epid=54'>More Information</a>","HasLabel":0,"LabelID":-1,"Type":"Entry Points","ep_type":"Overnight Paddle or Motor","ep_name":"Seagull Lake"}},
{"type":"Feature","geometry":{"type":"Point","coordinates":[-90.88662938299996,48.17169639900004,0]},"properties":{"OID":35,"Name":"Entry Point #55","FolderPath":"paddleplanner.kml (20180519)/Paddling Areas/Entry Points","SymbolID":5,"AltMode":-1,"Base":0,"Snippet":"","PopupInfo":"Saganaga Lake<br />Type: Overnight Paddle or Motor<br />Permits Per Day: 17<br /><a href='http://www.paddleplanner.com/tools/entrypoint.aspx?epid=55'>More Information</a>","HasLabel":0,"LabelID":-1,"Type":"Entry Points","ep_type":"Overnight Paddle or Motor","ep_name":"Saganaga Lake"}},
{"type":"Feature","geometry":{"type":"Point","coordinates":[-90.36845342199996,48.07524469100008,0]},"properties":{"OID":36,"Name":"Entry Point #62","FolderPath":"paddleplanner.kml (20180519)/Paddling Areas/Entry Points","SymbolID":5,"AltMode":-1,"Base":0,"Snippet":"","PopupInfo":"Clearwater Lake<br />Type: Overnight Paddle or Motor<br />Permits Per Day: 3<br /><a href='http://www.paddleplanner.com/tools/entrypoint.aspx?epid=62'>More Information</a>","HasLabel":0,"LabelID":-1,"Type":"Entry Points","ep_type":"Overnight Paddle or Motor","ep_name":"Clearwater Lake"}},
{"type":"Feature","geometry":{"type":"Point","coordinates":[-90.39131657199994,48.03640536200004,0]},"properties":{"OID":37,"Name":"Entry Point #64","FolderPath":"paddleplanner.kml (20180519)/Paddling Areas/Entry Points","SymbolID":5,"AltMode":-1,"Base":0,"Snippet":"","PopupInfo":"East Bearskin Lake<br />Type: Overnight Paddle or Motor<br />Permits Per Day: 4<br /><a href='http://www.paddleplanner.com/tools/entrypoint.aspx?epid=64'>More Information</a>","HasLabel":0,"LabelID":-1,"Type":"Entry Points","ep_type":"Overnight Paddle or Motor","ep_name":"East Bearskin Lake"}},
{"type":"Feature","geometry":{"type":"Point","coordinates":[-92.21063212599995,48.14642188800008,0]},"properties":{"OID":38,"Name":"Entry Point #14","FolderPath":"paddleplanner.kml (20180519)/Paddling Areas/Entry Points","SymbolID":6,"AltMode":-1,"Base":0,"Snippet":"","PopupInfo":"Little Indian Sioux River North<br />Type: Overnight Paddle Only<br />Permits Per Day: 6<br /><a href='http://www.paddleplanner.com/tools/entrypoint.aspx?epid=14'>More Information</a>","HasLabel":0,"LabelID":-1,"Type":"Entry Points","ep_type":"Overnight Paddle Only","ep_name":"Little Indian Sioux River North"}},
{"type":"Feature","geometry":{"type":"Point","coordinates":[-92.09950284299998,48.122775872000034,0]},"properties":{"OID":39,"Name":"Entry Point #16","FolderPath":"paddleplanner.kml (20180519)/Paddling Areas/Entry Points","SymbolID":6,"AltMode":-1,"Base":0,"Snippet":"","PopupInfo":"Moose/Portage River North of Echo Trail<br />Type: Overnight Paddle Only<br />Permits Per Day: 7<br /><a href='http://www.paddleplanner.com/tools/entrypoint.aspx?epid=16'>More Information</a>","HasLabel":0,"LabelID":-1,"Type":"Entry Points","ep_type":"Overnight Paddle Only","ep_name":"Moose/Portage River North of Echo Trail"}},
{"type":"Feature","geometry":{"type":"Point","coordinates":[-91.98880271099995,48.09642721000006,0]},"properties":{"OID":40,"Name":"Entry Point #19","FolderPath":"paddleplanner.kml (20180519)/Paddling Areas/Entry Points","SymbolID":6,"AltMode":-1,"Base":0,"Snippet":"","PopupInfo":"Stuart River<br />Type: Overnight Paddle Only<br />Permits Per Day: 1<br /><a href='http://www.paddleplanner.com/tools/entrypoint.aspx?epid=19'>More Information</a>","HasLabel":0,"LabelID":-1,"Type":"Entry Points","ep_type":"Overnight Paddle Only","ep_name":"Stuart River"}},
{"type":"Feature","geometry":{"type":"Point","coordinates":[-91.93088845299997,48.064804640000034,0]},"properties":{"OID":41,"Name":"Entry Point #20","FolderPath":"paddleplanner.kml (20180519)/Paddling Areas/Entry Points","SymbolID":6,"AltMode":-1,"Base":0,"Snippet":"","PopupInfo":"Angleworm Lake<br />Type: Overnight Paddle Only<br />Permits Per Day: 2<br /><a href='http://www.paddleplanner.com/tools/entrypoint.aspx?epid=20'>More Information</a>","HasLabel":0,"LabelID":-1,"Type":"Entry Points","ep_type":"Overnight Paddle Only","ep_name":"Angleworm Lake"}},
{"type":"Feature","geometry":{"type":"Point","coordinates":[-91.83470443799996,48.03226652200004,0]},"properties":{"OID":42,"Name":"Entry Point #22","FolderPath":"paddleplanner.kml (20180519)/Paddling Areas/Entry Points","SymbolID":6,"AltMode":-1,"Base":0,"Snippet":"","PopupInfo":"Mudro Lake—Restricted<br />Type: Overnight Paddle Only<br />Permits Per Day: 2<br /><a href='http://www.paddleplanner.com/tools/entrypoint.aspx?epid=22'>More Information</a>","HasLabel":0,"LabelID":-1,"Type":"Entry Points","ep_type":"Overnight Paddle Only","ep_name":"Mudro Lake—Restricted"}},
{"type":"Feature","geometry":{"type":"Point","coordinates":[-91.83424846399998,48.03210868300005,0]},"properties":{"OID":43,"Name":"Entry Point #23","FolderPath":"paddleplanner.kml (20180519)/Paddling Areas/Entry Points","SymbolID":6,"AltMode":-1,"Base":0,"Snippet":"","PopupInfo":"Mudro Lake<br />Type: Overnight Paddle Only<br />Permits Per Day: 6<br /><a href='http://www.paddleplanner.com/tools/entrypoint.aspx?epid=23'>More Information</a>","HasLabel":0,"LabelID":-1,"Type":"Entry Points","ep_type":"Overnight Paddle Only","ep_name":"Mudro Lake"}},
{"type":"Feature","geometry":{"type":"Point","coordinates":[-91.60405999999995,47.95864000000006,0]},"properties":{"OID":44,"Name":"Entry Point #26","FolderPath":"paddleplanner.kml (20180519)/Paddling Areas/Entry Points","SymbolID":6,"AltMode":-1,"Base":0,"Snippet":"","PopupInfo":"Wood Lake<br />Type: Overnight Paddle Only<br />Permits Per Day: 2<br /><a href='http://www.paddleplanner.com/tools/entrypoint.aspx?epid=26'>More Information</a>","HasLabel":0,"LabelID":-1,"Type":"Entry Points","ep_type":"Overnight Paddle Only","ep_name":"Wood Lake"}},
{"type":"Feature","geometry":{"type":"Point","coordinates":[-91.43233553599998,47.97158360600008,0]},"properties":{"OID":45,"Name":"Entry Point #28","FolderPath":"paddleplanner.kml (20180519)/Paddling Areas/Entry Points","SymbolID":6,"AltMode":-1,"Base":0,"Snippet":"","PopupInfo":"Snowbank Lake Only<br />Type: Overnight Paddle Only<br />Permits Per Day: 1<br /><a href='http://www.paddleplanner.com/tools/entrypoint.aspx?epid=28'>More Information</a>","HasLabel":0,"LabelID":-1,"Type":"Entry Points","ep_type":"Overnight Paddle Only","ep_name":"Snowbank Lake Only"}},
{"type":"Feature","geometry":{"type":"Point","coordinates":[-91.56213835899996,47.95573559600007,0]},"properties":{"OID":46,"Name":"Entry Point #29","FolderPath":"paddleplanner.kml (20180519)/Paddling Areas/Entry Points","SymbolID":6,"AltMode":-1,"Base":0,"Snippet":"","PopupInfo":"North Kawishiwi River<br />Type: Overnight Paddle Only<br />Permits Per Day: 1<br /><a href='http://www.paddleplanner.com/tools/entrypoint.aspx?epid=29'>More Information</a>","HasLabel":0,"LabelID":-1,"Type":"Entry Points","ep_type":"Overnight Paddle Only","ep_name":"North Kawishiwi River"}},
{"type":"Feature","geometry":{"type":"Point","coordinates":[-91.47826199899998,47.93921000000006,0]},"properties":{"OID":47,"Name":"Entry Point #30","FolderPath":"paddleplanner.kml (20180519)/Paddling Areas/Entry Points","SymbolID":6,"AltMode":-1,"Base":0,"Snippet":"","PopupInfo":"Lake One<br />Type: Overnight Paddle Only<br />Permits Per Day: 7<br /><a href='http://www.paddleplanner.com/tools/entrypoint.aspx?epid=30'>More Information</a>","HasLabel":0,"LabelID":-1,"Type":"Entry Points","ep_type":"Overnight Paddle Only","ep_name":"Lake One"}},
{"type":"Feature","geometry":{"type":"Point","coordinates":[-91.47835151399994,47.93947416900005,0]},"properties":{"OID":48,"Name":"Entry Point #30F","FolderPath":"paddleplanner.kml (20180519)/Paddling Areas/Entry Points","SymbolID":6,"AltMode":-1,"Base":0,"Snippet":"","PopupInfo":"Lake One - Restricted<br />Type: Overnight Paddle Only<br />Permits Per Day: 7<br /><a href='http://www.paddleplanner.com/tools/entrypoint.aspx?epid=30F'>More Information</a>","HasLabel":0,"LabelID":-1,"Type":"Entry Points","ep_type":"Overnight Paddle Only","ep_name":"Lake One - Restricted"}},
{"type":"Feature","geometry":{"type":"Point","coordinates":[-91.66370824999996,47.84137786600007,0]},"properties":{"OID":49,"Name":"Entry Point #32","FolderPath":"paddleplanner.kml (20180519)/Paddling Areas/Entry Points","SymbolID":6,"AltMode":-1,"Base":0,"Snippet":"","PopupInfo":"South Kawishiwi River<br />Type: Overnight Paddle Only<br />Permits Per Day: 2<br /><a href='http://www.paddleplanner.com/tools/entrypoint.aspx?epid=32'>More Information</a>","HasLabel":0,"LabelID":-1,"Type":"Entry Points","ep_type":"Overnight Paddle Only","ep_name":"South Kawishiwi River"}},
{"type":"Feature","geometry":{"type":"Point","coordinates":[-91.63583999999997,47.84818000000007,0]},"properties":{"OID":50,"Name":"Entry Point #33","FolderPath":"paddleplanner.kml (20180519)/Paddling Areas/Entry Points","SymbolID":6,"AltMode":-1,"Base":0,"Snippet":"","PopupInfo":"Little Gabbro Lake<br />Type: Overnight Paddle Only<br />Permits Per Day: 2<br /><a href='http://www.paddleplanner.com/tools/entrypoint.aspx?epid=33'>More Information</a>","HasLabel":0,"LabelID":-1,"Type":"Entry Points","ep_type":"Overnight Paddle Only","ep_name":"Little Gabbro Lake"}},
{"type":"Feature","geometry":{"type":"Point","coordinates":[-91.31988124099996,47.79137523300005,0]},"properties":{"OID":51,"Name":"Entry Point #34","FolderPath":"paddleplanner.kml (20180519)/Paddling Areas/Entry Points","SymbolID":6,"AltMode":-1,"Base":0,"Snippet":"","PopupInfo":"Island River<br />Type: Overnight Paddle Only<br />Permits Per Day: 1<br /><a href='http://www.paddleplanner.com/tools/entrypoint.aspx?epid=34'>More Information</a>","HasLabel":0,"LabelID":-1,"Type":"Entry Points","ep_type":"Overnight Paddle Only","ep_name":"Island River"}},
{"type":"Feature","geometry":{"type":"Point","coordinates":[-91.30315498499994,47.80115553600007,0]},"properties":{"OID":52,"Name":"Entry Point #35","FolderPath":"paddleplanner.kml (20180519)/Paddling Areas/Entry Points","SymbolID":6,"AltMode":-1,"Base":0,"Snippet":"","PopupInfo":"Isabella Lake<br />Type: Overnight Paddle Only<br />Permits Per Day: 2<br /><a href='http://www.paddleplanner.com/tools/entrypoint.aspx?epid=35'>More Information</a>","HasLabel":0,"LabelID":-1,"Type":"Entry Points","ep_type":"Overnight Paddle Only","ep_name":"Isabella Lake"}},
{"type":"Feature","geometry":{"type":"Point","coordinates":[-91.08435110299996,47.81115399400005,0]},"properties":{"OID":53,"Name":"Entry Point #36","FolderPath":"paddleplanner.kml (20180519)/Paddling Areas/Entry Points","SymbolID":6,"AltMode":-1,"Base":0,"Snippet":"","PopupInfo":"Hog Creek<br />Type: Overnight Paddle Only<br />Permits Per Day: 5<br /><a href='http://www.paddleplanner.com/tools/entrypoint.aspx?epid=36'>More Information</a>","HasLabel":0,"LabelID":-1,"Type":"Entry Points","ep_type":"Overnight Paddle Only","ep_name":"Hog Creek"}},
{"type":"Feature","geometry":{"type":"Point","coordinates":[-91.10236481899994,47.83920564300007,0]},"properties":{"OID":54,"Name":"Entry Point #37","FolderPath":"paddleplanner.kml (20180519)/Paddling Areas/Entry Points","SymbolID":6,"AltMode":-1,"Base":0,"Snippet":"","PopupInfo":"Kawishiwi Lake<br />Type: Overnight Paddle Only<br />Permits Per Day: 9<br /><a href='http://www.paddleplanner.com/tools/entrypoint.aspx?epid=37'>More Information</a>","HasLabel":0,"LabelID":-1,"Type":"Entry Points","ep_type":"Overnight Paddle Only","ep_name":"Kawishiwi Lake"}},
{"type":"Feature","geometry":{"type":"Point","coordinates":[-90.88770226699995,47.86354560900003,0]},"properties":{"OID":55,"Name":"Entry Point #38","FolderPath":"paddleplanner.kml (20180519)/Paddling Areas/Entry Points","SymbolID":6,"AltMode":-1,"Base":0,"Snippet":"","PopupInfo":"Sawbill Lake<br />Type: Overnight Paddle Only<br />Permits Per Day: 14<br /><a href='http://www.paddleplanner.com/tools/entrypoint.aspx?epid=38'>More Information</a>","HasLabel":0,"LabelID":-1,"Type":"Entry Points","ep_type":"Overnight Paddle Only","ep_name":"Sawbill Lake"}},
{"type":"Feature","geometry":{"type":"Point","coordinates":[-90.81697777999995,47.84522291600007,0]},"properties":{"OID":56,"Name":"Entry Point #39","FolderPath":"paddleplanner.kml (20180519)/Paddling Areas/Entry Points","SymbolID":6,"AltMode":-1,"Base":0,"Snippet":"","PopupInfo":"Baker Lake<br />Type: Overnight Paddle Only<br />Permits Per Day: 3<br /><a href='http://www.paddleplanner.com/tools/entrypoint.aspx?epid=39'>More Information</a>","HasLabel":0,"LabelID":-1,"Type":"Entry Points","ep_type":"Overnight Paddle Only","ep_name":"Baker Lake"}},
{"type":"Feature","geometry":{"type":"Point","coordinates":[-91.97405278399998,47.920325743000035,0]},"properties":{"OID":57,"Name":"Entry Point #4","FolderPath":"paddleplanner.kml (20180519)/Paddling Areas/Entry Points","SymbolID":6,"AltMode":-1,"Base":0,"Snippet":"","PopupInfo":"Crab Lake & Cummings Lake<br />Type: Overnight Paddle Only<br />Permits Per Day: 4<br /><a href='http://www.paddleplanner.com/tools/entrypoint.aspx?epid=4'>More Information</a>","HasLabel":0,"LabelID":-1,"Type":"Entry Points","ep_type":"Overnight Paddle Only","ep_name":"Crab Lake & Cummings Lake"}},
{"type":"Feature","geometry":{"type":"Point","coordinates":[-90.66002656999996,47.904535327000076,0]},"properties":{"OID":58,"Name":"Entry Point #40","FolderPath":"paddleplanner.kml (20180519)/Paddling Areas/Entry Points","SymbolID":6,"AltMode":-1,"Base":0,"Snippet":"","PopupInfo":"Homer Lake<br />Type: Overnight Paddle Only<br />Permits Per Day: 2<br /><a href='http://www.paddleplanner.com/tools/entrypoint.aspx?epid=40'>More Information</a>","HasLabel":0,"LabelID":-1,"Type":"Entry Points","ep_type":"Overnight Paddle Only","ep_name":"Homer Lake"}},
{"type":"Feature","geometry":{"type":"Point","coordinates":[-90.64148499899994,47.92765200000008,0]},"properties":{"OID":59,"Name":"Entry Point #41","FolderPath":"paddleplanner.kml (20180519)/Paddling Areas/Entry Points","SymbolID":6,"AltMode":-1,"Base":0,"Snippet":"","PopupInfo":"Brule Lake<br />Type: Overnight Paddle Only<br />Permits Per Day: 7<br /><a href='http://www.paddleplanner.com/tools/entrypoint.aspx?epid=41'>More Information</a>","HasLabel":0,"LabelID":-1,"Type":"Entry Points","ep_type":"Overnight Paddle Only","ep_name":"Brule Lake"}},
{"type":"Feature","geometry":{"type":"Point","coordinates":[-90.64482380999999,47.926050117000045,0]},"properties":{"OID":60,"Name":"Entry Point #42","FolderPath":"paddleplanner.kml (20180519)/Paddling Areas/Entry Points","SymbolID":6,"AltMode":-1,"Base":0,"Snippet":"","PopupInfo":"Brule Lake Only<br />Type: Overnight Paddle Only<br />Permits Per Day: 3<br /><a href='http://www.paddleplanner.com/tools/entrypoint.aspx?epid=42'>More Information</a>","HasLabel":0,"LabelID":-1,"Type":"Entry Points","ep_type":"Overnight Paddle Only","ep_name":"Brule Lake Only"}},
{"type":"Feature","geometry":{"type":"Point","coordinates":[-90.43560773999997,47.94392035300007,0]},"properties":{"OID":61,"Name":"Entry Point #43","FolderPath":"paddleplanner.kml (20180519)/Paddling Areas/Entry Points","SymbolID":6,"AltMode":-1,"Base":0,"Snippet":"","PopupInfo":"Bower Trout lake<br />Type: Overnight Paddle Only<br />Permits Per Day: 1<br /><a href='http://www.paddleplanner.com/tools/entrypoint.aspx?epid=43'>More Information</a>","HasLabel":0,"LabelID":-1,"Type":"Entry Points","ep_type":"Overnight Paddle Only","ep_name":"Bower Trout lake"}},
{"type":"Feature","geometry":{"type":"Point","coordinates":[-90.44246259799996,47.954747575000056,0]},"properties":{"OID":62,"Name":"Entry Point #44","FolderPath":"paddleplanner.kml (20180519)/Paddling Areas/Entry Points","SymbolID":6,"AltMode":-1,"Base":0,"Snippet":"","PopupInfo":"Ram Lake<br />Type: Overnight Paddle Only<br />Permits Per Day: 1<br /><a href='http://www.paddleplanner.com/tools/entrypoint.aspx?epid=44'>More Information</a>","HasLabel":0,"LabelID":-1,"Type":"Entry Points","ep_type":"Overnight Paddle Only","ep_name":"Ram Lake"}},
{"type":"Feature","geometry":{"type":"Point","coordinates":[-90.40932585899998,48.001161016000026,0]},"properties":{"OID":63,"Name":"Entry Point #45","FolderPath":"paddleplanner.kml (20180519)/Paddling Areas/Entry Points","SymbolID":6,"AltMode":-1,"Base":0,"Snippet":"","PopupInfo":"Morgan Lake<br />Type: Overnight Paddle Only<br />Permits Per Day: 1<br /><a href='http://www.paddleplanner.com/tools/entrypoint.aspx?epid=45'>More Information</a>","HasLabel":0,"LabelID":-1,"Type":"Entry Points","ep_type":"Overnight Paddle Only","ep_name":"Morgan Lake"}},
{"type":"Feature","geometry":{"type":"Point","coordinates":[-90.54434999999995,48.05525000000006,0]},"properties":{"OID":64,"Name":"Entry Point #47","FolderPath":"paddleplanner.kml (20180519)/Paddling Areas/Entry Points","SymbolID":6,"AltMode":-1,"Base":0,"Snippet":"","PopupInfo":"Lizz & Swamp Lakes<br />Type: Overnight Paddle Only<br />Permits Per Day: 4<br /><a href='http://www.paddleplanner.com/tools/entrypoint.aspx?epid=47'>More Information</a>","HasLabel":0,"LabelID":-1,"Type":"Entry Points","ep_type":"Overnight Paddle Only","ep_name":"Lizz & Swamp Lakes"}},
{"type":"Feature","geometry":{"type":"Point","coordinates":[-90.54403999999994,48.05544000000003,0]},"properties":{"OID":65,"Name":"Entry Point #48","FolderPath":"paddleplanner.kml (20180519)/Paddling Areas/Entry Points","SymbolID":6,"AltMode":-1,"Base":0,"Snippet":"","PopupInfo":"Meeds Lake<br />Type: Overnight Paddle Only<br />Permits Per Day: 3<br /><a href='http://www.paddleplanner.com/tools/entrypoint.aspx?epid=48'>More Information</a>","HasLabel":0,"LabelID":-1,"Type":"Entry Points","ep_type":"Overnight Paddle Only","ep_name":"Meeds Lake"}},
{"type":"Feature","geometry":{"type":"Point","coordinates":[-90.54376999999994,48.05555000000004,0]},"properties":{"OID":66,"Name":"Entry Point #49","FolderPath":"paddleplanner.kml (20180519)/Paddling Areas/Entry Points","SymbolID":6,"AltMode":-1,"Base":0,"Snippet":"","PopupInfo":"Skipper & Portage Lakes<br />Type: Overnight Paddle Only<br />Permits Per Day: 2<br /><a href='http://www.paddleplanner.com/tools/entrypoint.aspx?epid=49'>More Information</a>","HasLabel":0,"LabelID":-1,"Type":"Entry Points","ep_type":"Overnight Paddle Only","ep_name":"Skipper & Portage Lakes"}},
{"type":"Feature","geometry":{"type":"Point","coordinates":[-90.82291712499995,48.077246331000026,0]},"properties":{"OID":67,"Name":"Entry Point #50","FolderPath":"paddleplanner.kml (20180519)/Paddling Areas/Entry Points","SymbolID":6,"AltMode":-1,"Base":0,"Snippet":"","PopupInfo":"Cross Bay Lake<br />Type: Overnight Paddle Only<br />Permits Per Day: 3<br /><a href='http://www.paddleplanner.com/tools/entrypoint.aspx?epid=50'>More Information</a>","HasLabel":0,"LabelID":-1,"Type":"Entry Points","ep_type":"Overnight Paddle Only","ep_name":"Cross Bay Lake"}},
{"type":"Feature","geometry":{"type":"Point","coordinates":[-90.83637644899994,48.07466261800005,0]},"properties":{"OID":68,"Name":"Entry Point #51","FolderPath":"paddleplanner.kml (20180519)/Paddling Areas/Entry Points","SymbolID":6,"AltMode":-1,"Base":0,"Snippet":"","PopupInfo":"Missing Link Lake<br />Type: Overnight Paddle Only<br />Permits Per Day: 5<br /><a href='http://www.paddleplanner.com/tools/entrypoint.aspx?epid=51'>More Information</a>","HasLabel":0,"LabelID":-1,"Type":"Entry Points","ep_type":"Overnight Paddle Only","ep_name":"Missing Link Lake"}},
{"type":"Feature","geometry":{"type":"Point","coordinates":[-90.83723475699998,48.07446189700005,0]},"properties":{"OID":69,"Name":"Entry Point #52","FolderPath":"paddleplanner.kml (20180519)/Paddling Areas/Entry Points","SymbolID":6,"AltMode":-1,"Base":0,"Snippet":"","PopupInfo":"Brant Lake<br />Type: Overnight Paddle Only<br />Permits Per Day: 4<br /><a href='http://www.paddleplanner.com/tools/entrypoint.aspx?epid=52'>More Information</a>","HasLabel":0,"LabelID":-1,"Type":"Entry Points","ep_type":"Overnight Paddle Only","ep_name":"Brant Lake"}},
{"type":"Feature","geometry":{"type":"Point","coordinates":[-90.89479000099999,48.16080000000005,0]},"properties":{"OID":70,"Name":"Entry Point #54A","FolderPath":"paddleplanner.kml (20180519)/Paddling Areas/Entry Points","SymbolID":6,"AltMode":-1,"Base":0,"Snippet":"","PopupInfo":"Seagull Lake Only<br />Type: Overnight Paddle Only<br />Permits Per Day: 2<br /><a href='http://www.paddleplanner.com/tools/entrypoint.aspx?epid=54A'>More Information</a>","HasLabel":0,"LabelID":-1,"Type":"Entry Points","ep_type":"Overnight Paddle Only","ep_name":"Seagull Lake Only"}},
{"type":"Feature","geometry":{"type":"Point","coordinates":[-90.88643626399994,48.17136726500007,0]},"properties":{"OID":71,"Name":"Entry Point #55A","FolderPath":"paddleplanner.kml (20180519)/Paddling Areas/Entry Points","SymbolID":6,"AltMode":-1,"Base":0,"Snippet":"","PopupInfo":"Saganaga Lake Only<br />Type: Overnight Paddle Only<br />Permits Per Day: 3<br /><a href='http://www.paddleplanner.com/tools/entrypoint.aspx?epid=55A'>More Information</a>","HasLabel":0,"LabelID":-1,"Type":"Entry Points","ep_type":"Overnight Paddle Only","ep_name":"Saganaga Lake Only"}},
{"type":"Feature","geometry":{"type":"Point","coordinates":[-90.75571612499994,48.084816990000036,0]},"properties":{"OID":72,"Name":"Entry Point #57","FolderPath":"paddleplanner.kml (20180519)/Paddling Areas/Entry Points","SymbolID":6,"AltMode":-1,"Base":0,"Snippet":"","PopupInfo":"Magnetic Lake<br />Type: Overnight Paddle Only<br />Permits Per Day: 3<br /><a href='http://www.paddleplanner.com/tools/entrypoint.aspx?epid=57'>More Information</a>","HasLabel":0,"LabelID":-1,"Type":"Entry Points","ep_type":"Overnight Paddle Only","ep_name":"Magnetic Lake"}},
{"type":"Feature","geometry":{"type":"Point","coordinates":[-90.75511531199999,48.084599721000075,0]},"properties":{"OID":73,"Name":"Entry Point #58","FolderPath":"paddleplanner.kml (20180519)/Paddling Areas/Entry Points","SymbolID":6,"AltMode":-1,"Base":0,"Snippet":"","PopupInfo":"South Lake<br />Type: Overnight Paddle Only<br />Permits Per Day: 3<br /><a href='http://www.paddleplanner.com/tools/entrypoint.aspx?epid=58'>More Information</a>","HasLabel":0,"LabelID":-1,"Type":"Entry Points","ep_type":"Overnight Paddle Only","ep_name":"South Lake"}},
{"type":"Feature","geometry":{"type":"Point","coordinates":[-91.96125799999999,47.995753000000036,0]},"properties":{"OID":74,"Name":"Entry Point #6","FolderPath":"paddleplanner.kml (20180519)/Paddling Areas/Entry Points","SymbolID":6,"AltMode":-1,"Base":0,"Snippet":"","PopupInfo":"Slim Lake<br />Type: Overnight Paddle Only<br />Permits Per Day: 2<br /><a href='http://www.paddleplanner.com/tools/entrypoint.aspx?epid=6'>More Information</a>","HasLabel":0,"LabelID":-1,"Type":"Entry Points","ep_type":"Overnight Paddle Only","ep_name":"Slim Lake"}},
{"type":"Feature","geometry":{"type":"Point","coordinates":[-90.44416999899994,48.062740000000076,0]},"properties":{"OID":75,"Name":"Entry Point #60","FolderPath":"paddleplanner.kml (20180519)/Paddling Areas/Entry Points","SymbolID":6,"AltMode":-1,"Base":0,"Snippet":"","PopupInfo":"Duncan Lake<br />Type: Overnight Paddle Only<br />Permits Per Day: 3<br /><a href='http://www.paddleplanner.com/tools/entrypoint.aspx?epid=60'>More Information</a>","HasLabel":0,"LabelID":-1,"Type":"Entry Points","ep_type":"Overnight Paddle Only","ep_name":"Duncan Lake"}},
{"type":"Feature","geometry":{"type":"Point","coordinates":[-90.39832999999999,48.064410000000066,0]},"properties":{"OID":76,"Name":"Entry Point #61","FolderPath":"paddleplanner.kml (20180519)/Paddling Areas/Entry Points","SymbolID":6,"AltMode":-1,"Base":0,"Snippet":"","PopupInfo":"Daniels Lake<br />Type: Overnight Paddle Only<br />Permits Per Day: 1<br /><a href='http://www.paddleplanner.com/tools/entrypoint.aspx?epid=61'>More Information</a>","HasLabel":0,"LabelID":-1,"Type":"Entry Points","ep_type":"Overnight Paddle Only","ep_name":"Daniels Lake"}},
{"type":"Feature","geometry":{"type":"Point","coordinates":[-90.27104631999998,48.03450484200005,0]},"properties":{"OID":77,"Name":"Entry Point #66","FolderPath":"paddleplanner.kml (20180519)/Paddling Areas/Entry Points","SymbolID":6,"AltMode":-1,"Base":0,"Snippet":"","PopupInfo":"Crocodile River<br />Type: Overnight Paddle Only<br />Permits Per Day: 1<br /><a href='http://www.paddleplanner.com/tools/entrypoint.aspx?epid=66'>More Information</a>","HasLabel":0,"LabelID":-1,"Type":"Entry Points","ep_type":"Overnight Paddle Only","ep_name":"Crocodile River"}},
{"type":"Feature","geometry":{"type":"Point","coordinates":[-91.38753728099994,47.77224895300003,0]},"properties":{"OID":78,"Name":"Entry Point #67","FolderPath":"paddleplanner.kml (20180519)/Paddling Areas/Entry Points","SymbolID":6,"AltMode":-1,"Base":0,"Snippet":"","PopupInfo":"Bog Lake<br />Type: Overnight Paddle Only<br />Permits Per Day: 0.2<br /><a href='http://www.paddleplanner.com/tools/entrypoint.aspx?epid=67'>More Information</a>","HasLabel":0,"LabelID":-1,"Type":"Entry Points","ep_type":"Overnight Paddle Only","ep_name":"Bog Lake"}},
{"type":"Feature","geometry":{"type":"Point","coordinates":[-90.05673999899994,48.05330800000007,0]},"properties":{"OID":79,"Name":"Entry Point #68","FolderPath":"paddleplanner.kml (20180519)/Paddling Areas/Entry Points","SymbolID":6,"AltMode":-1,"Base":0,"Snippet":"","PopupInfo":"Pine Lake<br />Type: Overnight Paddle Only<br />Permits Per Day: 1<br /><a href='http://www.paddleplanner.com/tools/entrypoint.aspx?epid=68'>More Information</a>","HasLabel":0,"LabelID":-1,"Type":"Entry Points","ep_type":"Overnight Paddle Only","ep_name":"Pine Lake"}},
{"type":"Feature","geometry":{"type":"Point","coordinates":[-90.05720999999994,48.05361000000005,0]},"properties":{"OID":80,"Name":"Entry Point #69","FolderPath":"paddleplanner.kml (20180519)/Paddling Areas/Entry Points","SymbolID":6,"AltMode":-1,"Base":0,"Snippet":"","PopupInfo":"John Lake<br />Type: Overnight Paddle Only<br />Permits Per Day: 1<br /><a href='http://www.paddleplanner.com/tools/entrypoint.aspx?epid=69'>More Information</a>","HasLabel":0,"LabelID":-1,"Type":"Entry Points","ep_type":"Overnight Paddle Only","ep_name":"John Lake"}},
{"type":"Feature","geometry":{"type":"Point","coordinates":[-91.99123815799999,48.091984368000055,0]},"properties":{"OID":81,"Name":"Entry Point #7","FolderPath":"paddleplanner.kml (20180519)/Paddling Areas/Entry Points","SymbolID":6,"AltMode":-1,"Base":0,"Snippet":"","PopupInfo":"From Big Lake<br />Type: Overnight Paddle Only<br />Permits Per Day: 2<br /><a href='http://www.paddleplanner.com/tools/entrypoint.aspx?epid=7'>More Information</a>","HasLabel":0,"LabelID":-1,"Type":"Entry Points","ep_type":"Overnight Paddle Only","ep_name":"From Big Lake"}},
{"type":"Feature","geometry":{"type":"Point","coordinates":[-90.05696299999994,48.053574000000026,0]},"properties":{"OID":82,"Name":"Entry Point #70","FolderPath":"paddleplanner.kml (20180519)/Paddling Areas/Entry Points","SymbolID":6,"AltMode":-1,"Base":0,"Snippet":"","PopupInfo":"North Fowl Lake<br />Type: Overnight Paddle Only<br />Permits Per Day: 2<br /><a href='http://www.paddleplanner.com/tools/entrypoint.aspx?epid=70'>More Information</a>","HasLabel":0,"LabelID":-1,"Type":"Entry Points","ep_type":"Overnight Paddle Only","ep_name":"North Fowl Lake"}},
{"type":"Feature","geometry":{"type":"Point","coordinates":[-91.43747999999994,48.051086000000055,0]},"properties":{"OID":83,"Name":"Entry Point #71","FolderPath":"paddleplanner.kml (20180519)/Paddling Areas/Entry Points","SymbolID":6,"AltMode":-1,"Base":0,"Snippet":"","PopupInfo":"From Canada<br />Type: Overnight Paddle Only<br />Permits Per Day: 3<br /><a href='http://www.paddleplanner.com/tools/entrypoint.aspx?epid=71'>More Information</a>","HasLabel":0,"LabelID":-1,"Type":"Entry Points","ep_type":"Overnight Paddle Only","ep_name":"From Canada"}},
{"type":"Feature","geometry":{"type":"Point","coordinates":[-91.48779288999998,47.77407565200008,0]},"properties":{"OID":84,"Name":"Entry Point #75","FolderPath":"paddleplanner.kml (20180519)/Paddling Areas/Entry Points","SymbolID":6,"AltMode":-1,"Base":0,"Snippet":"","PopupInfo":"Little Isabella River<br />Type: Overnight Paddle Only<br />Permits Per Day: 1<br /><a href='http://www.paddleplanner.com/tools/entrypoint.aspx?epid=75'>More Information</a>","HasLabel":0,"LabelID":-1,"Type":"Entry Points","ep_type":"Overnight Paddle Only","ep_name":"Little Isabella River"}},
{"type":"Feature","geometry":{"type":"Point","coordinates":[-91.92589954599998,48.033808941000075,0]},"properties":{"OID":85,"Name":"Entry Point #77","FolderPath":"paddleplanner.kml (20180519)/Paddling Areas/Entry Points","SymbolID":6,"AltMode":-1,"Base":0,"Snippet":"","PopupInfo":"South Hegman Lake<br />Type: Overnight Paddle Only<br />Permits Per Day: 2<br /><a href='http://www.paddleplanner.com/tools/entrypoint.aspx?epid=77'>More Information</a>","HasLabel":0,"LabelID":-1,"Type":"Entry Points","ep_type":"Overnight Paddle Only","ep_name":"South Hegman Lake"}},
{"type":"Feature","geometry":{"type":"Point","coordinates":[-92.13178429099997,48.072225650000064,0]},"properties":{"OID":86,"Name":"Entry Point #8","FolderPath":"paddleplanner.kml (20180519)/Paddling Areas/Entry Points","SymbolID":6,"AltMode":-1,"Base":0,"Snippet":"","PopupInfo":"Moose River South<br />Type: Overnight Paddle Only<br />Permits Per Day: 1<br /><a href='http://www.paddleplanner.com/tools/entrypoint.aspx?epid=8'>More Information</a>","HasLabel":0,"LabelID":-1,"Type":"Entry Points","ep_type":"Overnight Paddle Only","ep_name":"Moose River South"}},
{"type":"Feature","geometry":{"type":"Point","coordinates":[-90.84017352299998,48.12085886300008,0]},"properties":{"OID":87,"Name":"Entry Point #80","FolderPath":"paddleplanner.kml (20180519)/Paddling Areas/Entry Points","SymbolID":6,"AltMode":-1,"Base":0,"Snippet":"","PopupInfo":"Larch Creek<br />Type: Overnight Paddle Only<br />Permits Per Day: 1<br /><a href='http://www.paddleplanner.com/tools/entrypoint.aspx?epid=80'>More Information</a>","HasLabel":0,"LabelID":-1,"Type":"Entry Points","ep_type":"Overnight Paddle Only","ep_name":"Larch Creek"}},
{"type":"Feature","geometry":{"type":"Point","coordinates":[-91.52623967399995,47.77350021700005,0]},"properties":{"OID":88,"Name":"Entry Point #84","FolderPath":"paddleplanner.kml (20180519)/Paddling Areas/Entry Points","SymbolID":6,"AltMode":-1,"Base":0,"Snippet":"","PopupInfo":"Snake River<br />Type: Overnight Paddle Only<br />Permits Per Day: 1<br /><a href='http://www.paddleplanner.com/tools/entrypoint.aspx?epid=84'>More Information</a>","HasLabel":0,"LabelID":-1,"Type":"Entry Points","ep_type":"Overnight Paddle Only","ep_name":"Snake River"}},
{"type":"Feature","geometry":{"type":"Point","coordinates":[-92.20730618699997,48.142475312000045,0]},"properties":{"OID":89,"Name":"Entry Point #9","FolderPath":"paddleplanner.kml (20180519)/Paddling Areas/Entry Points","SymbolID":6,"AltMode":-1,"Base":0,"Snippet":"","PopupInfo":"Little Indian Sioux River South<br />Type: Overnight Paddle Only<br />Permits Per Day: 1 every other day<br /><a href='http://www.paddleplanner.com/tools/entrypoint.aspx?epid=9'>More Information</a>","HasLabel":0,"LabelID":-1,"Type":"Entry Points","ep_type":"Overnight Paddle Only","ep_name":"Little Indian Sioux River South"}},
{"type":"Feature","geometry":{"type":"Point","coordinates":[-91.15667599999995,48.65936300000004,0]},"properties":{"OID":90,"Name":"Entry Point #11","FolderPath":"paddleplanner.kml (20180519)/Paddling Areas/Entry Points","SymbolID":7,"AltMode":-1,"Base":0,"Snippet":"","PopupInfo":"Baptism Creek<br />Type: Quetico<br />Permits Per Day: 2<br /><a href='http://www.paddleplanner.com/tools/entrypoint.aspx?epid=11'>More Information</a>","HasLabel":0,"LabelID":-1,"Type":"Entry Points","ep_type":"Quetico","ep_name":"Baptism Creek"}},
{"type":"Feature","geometry":{"type":"Point","coordinates":[-91.15155699999997,48.65829100000008,0]},"properties":{"OID":91,"Name":"Entry Point #12","FolderPath":"paddleplanner.kml (20180519)/Paddling Areas/Entry Points","SymbolID":7,"AltMode":-1,"Base":0,"Snippet":"","PopupInfo":"Pickerel Lake<br />Type: Quetico<br />Permits Per Day: 10<br /><a href='http://www.paddleplanner.com/tools/entrypoint.aspx?epid=12'>More Information</a>","HasLabel":0,"LabelID":-1,"Type":"Entry Points","ep_type":"Quetico","ep_name":"Pickerel Lake"}},
{"type":"Feature","geometry":{"type":"Point","coordinates":[-91.47199500099998,48.702806000000066,0]},"properties":{"OID":92,"Name":"Entry Point #21","FolderPath":"paddleplanner.kml (20180519)/Paddling Areas/Entry Points","SymbolID":7,"AltMode":-1,"Base":0,"Snippet":"","PopupInfo":"Batchewaung Lake<br />Type: Quetico<br />Permits Per Day: 7<br /><a href='http://www.paddleplanner.com/tools/entrypoint.aspx?epid=21'>More Information</a>","HasLabel":0,"LabelID":-1,"Type":"Entry Points","ep_type":"Quetico","ep_name":"Batchewaung Lake"}},
{"type":"Feature","geometry":{"type":"Point","coordinates":[-91.71382899899999,48.737925000000075,0]},"properties":{"OID":93,"Name":"Entry Point #22","FolderPath":"paddleplanner.kml (20180519)/Paddling Areas/Entry Points","SymbolID":7,"AltMode":-1,"Base":0,"Snippet":"","PopupInfo":"Sue Falls<br />Type: Quetico<br />Permits Per Day: 3<br /><a href='http://www.paddleplanner.com/tools/entrypoint.aspx?epid=22'>More Information</a>","HasLabel":0,"LabelID":-1,"Type":"Entry Points","ep_type":"Quetico","ep_name":"Sue Falls"}},
{"type":"Feature","geometry":{"type":"Point","coordinates":[-90.96625999899999,48.408529000000044,0]},"properties":{"OID":94,"Name":"Entry Point #23","FolderPath":"paddleplanner.kml (20180519)/Paddling Areas/Entry Points","SymbolID":7,"AltMode":-1,"Base":0,"Snippet":"","PopupInfo":"Mack Lake<br />Type: Quetico<br />Permits Per Day: 3<br /><a href='http://www.paddleplanner.com/tools/entrypoint.aspx?epid=23'>More Information</a>","HasLabel":0,"LabelID":-1,"Type":"Entry Points","ep_type":"Quetico","ep_name":"Mack Lake"}},
{"type":"Feature","geometry":{"type":"Point","coordinates":[-92.04278099999999,48.57704700000005,0]},"properties":{"OID":95,"Name":"Entry Point #31","FolderPath":"paddleplanner.kml (20180519)/Paddling Areas/Entry Points","SymbolID":7,"AltMode":-1,"Base":0,"Snippet":"","PopupInfo":"Cirrus Lake<br />Type: Quetico<br />Permits Per Day: 2<br /><a href='http://www.paddleplanner.com/tools/entrypoint.aspx?epid=31'>More Information</a>","HasLabel":0,"LabelID":-1,"Type":"Entry Points","ep_type":"Quetico","ep_name":"Cirrus Lake"}},
{"type":"Feature","geometry":{"type":"Point","coordinates":[-92.02357599999999,48.54900800000007,0]},"properties":{"OID":96,"Name":"Entry Point #32","FolderPath":"paddleplanner.kml (20180519)/Paddling Areas/Entry Points","SymbolID":7,"AltMode":-1,"Base":0,"Snippet":"","PopupInfo":"Quetico Lake<br />Type: Quetico<br />Permits Per Day: 6<br /><a href='http://www.paddleplanner.com/tools/entrypoint.aspx?epid=32'>More Information</a>","HasLabel":0,"LabelID":-1,"Type":"Entry Points","ep_type":"Quetico","ep_name":"Quetico Lake"}},
{"type":"Feature","geometry":{"type":"Point","coordinates":[-92.18246599999998,48.42858300000006,0]},"properties":{"OID":97,"Name":"Entry Point #41","FolderPath":"paddleplanner.kml (20180519)/Paddling Areas/Entry Points","SymbolID":7,"AltMode":-1,"Base":0,"Snippet":"","PopupInfo":"Threemile Lake<br />Type: Quetico<br />Permits Per Day: 2<br /><a href='http://www.paddleplanner.com/tools/entrypoint.aspx?epid=41'>More Information</a>","HasLabel":0,"LabelID":-1,"Type":"Entry Points","ep_type":"Quetico","ep_name":"Threemile Lake"}},
{"type":"Feature","geometry":{"type":"Point","coordinates":[-91.95793599999996,48.38015100000007,0]},"properties":{"OID":98,"Name":"Entry Point #42","FolderPath":"paddleplanner.kml (20180519)/Paddling Areas/Entry Points","SymbolID":7,"AltMode":-1,"Base":0,"Snippet":"","PopupInfo":"Maligne River<br />Type: Quetico<br />Permits Per Day: 2<br /><a href='http://www.paddleplanner.com/tools/entrypoint.aspx?epid=42'>More Information</a>","HasLabel":0,"LabelID":-1,"Type":"Entry Points","ep_type":"Quetico","ep_name":"Maligne River"}},
{"type":"Feature","geometry":{"type":"Point","coordinates":[-91.96416200099998,48.30042400000008,0]},"properties":{"OID":99,"Name":"Entry Point #43","FolderPath":"paddleplanner.kml (20180519)/Paddling Areas/Entry Points","SymbolID":7,"AltMode":-1,"Base":0,"Snippet":"","PopupInfo":"McAree Lake<br />Type: Quetico<br />Permits Per Day: 2<br /><a href='http://www.paddleplanner.com/tools/entrypoint.aspx?epid=43'>More Information</a>","HasLabel":0,"LabelID":-1,"Type":"Entry Points","ep_type":"Quetico","ep_name":"McAree Lake"}},
{"type":"Feature","geometry":{"type":"Point","coordinates":[-91.97466699899996,48.25801900000005,0]},"properties":{"OID":100,"Name":"Entry Point #44","FolderPath":"paddleplanner.kml (20180519)/Paddling Areas/Entry Points","SymbolID":7,"AltMode":-1,"Base":0,"Snippet":"","PopupInfo":"Bottle Portage<br />Type: Quetico<br />Permits Per Day: 2<br /><a href='http://www.paddleplanner.com/tools/entrypoint.aspx?epid=44'>More Information</a>","HasLabel":0,"LabelID":-1,"Type":"Entry Points","ep_type":"Quetico","ep_name":"Bottle Portage"}},
{"type":"Feature","geometry":{"type":"Point","coordinates":[-91.64809899899996,48.10459400000008,0]},"properties":{"OID":101,"Name":"Entry Point #51","FolderPath":"paddleplanner.kml (20180519)/Paddling Areas/Entry Points","SymbolID":7,"AltMode":-1,"Base":0,"Snippet":"","PopupInfo":"Basswood River<br />Type: Quetico<br />Permits Per Day: 2<br /><a href='http://www.paddleplanner.com/tools/entrypoint.aspx?epid=51'>More Information</a>","HasLabel":0,"LabelID":-1,"Type":"Entry Points","ep_type":"Quetico","ep_name":"Basswood River"}},
{"type":"Feature","geometry":{"type":"Point","coordinates":[-91.53993099999997,48.18972300000007,0]},"properties":{"OID":102,"Name":"Entry Point #52","FolderPath":"paddleplanner.kml (20180519)/Paddling Areas/Entry Points","SymbolID":7,"AltMode":-1,"Base":0,"Snippet":"","PopupInfo":"Sarah Lake<br />Type: Quetico<br />Permits Per Day: 2<br /><a href='http://www.paddleplanner.com/tools/entrypoint.aspx?epid=52'>More Information</a>","HasLabel":0,"LabelID":-1,"Type":"Entry Points","ep_type":"Quetico","ep_name":"Sarah Lake"}},
{"type":"Feature","geometry":{"type":"Point","coordinates":[-91.50778799999995,48.21117600000008,0]},"properties":{"OID":103,"Name":"Entry Point #53","FolderPath":"paddleplanner.kml (20180519)/Paddling Areas/Entry Points","SymbolID":7,"AltMode":-1,"Base":0,"Snippet":"","PopupInfo":"Kahshahapiwi Lake<br />Type: Quetico<br />Permits Per Day: 2<br /><a href='http://www.paddleplanner.com/tools/entrypoint.aspx?epid=53'>More Information</a>","HasLabel":0,"LabelID":-1,"Type":"Entry Points","ep_type":"Quetico","ep_name":"Kahshahapiwi Lake"}},
{"type":"Feature","geometry":{"type":"Point","coordinates":[-91.60554999999994,48.112820000000056,0]},"properties":{"OID":104,"Name":"Entry Point #54","FolderPath":"paddleplanner.kml (20180519)/Paddling Areas/Entry Points","SymbolID":7,"AltMode":-1,"Base":0,"Snippet":"","PopupInfo":"Kings Point fly-in<br />Type: Quetico<br />Permits Per Day: 2<br /><a href='http://www.paddleplanner.com/tools/entrypoint.aspx?epid=54'>More Information</a>","HasLabel":0,"LabelID":-1,"Type":"Entry Points","ep_type":"Quetico","ep_name":"Kings Point fly-in"}},
{"type":"Feature","geometry":{"type":"Point","coordinates":[-91.37833399999994,48.12145600000008,0]},"properties":{"OID":105,"Name":"Entry Point #61","FolderPath":"paddleplanner.kml (20180519)/Paddling Areas/Entry Points","SymbolID":7,"AltMode":-1,"Base":0,"Snippet":"","PopupInfo":"Agnes Lake<br />Type: Quetico<br />Permits Per Day: 7<br /><a href='http://www.paddleplanner.com/tools/entrypoint.aspx?epid=61'>More Information</a>","HasLabel":0,"LabelID":-1,"Type":"Entry Points","ep_type":"Quetico","ep_name":"Agnes Lake"}},
{"type":"Feature","geometry":{"type":"Point","coordinates":[-91.34990199999999,48.07177100000007,0]},"properties":{"OID":106,"Name":"Entry Point #62","FolderPath":"paddleplanner.kml (20180519)/Paddling Areas/Entry Points","SymbolID":7,"AltMode":-1,"Base":0,"Snippet":"","PopupInfo":"Carp Lake<br />Type: Quetico<br />Permits Per Day: 2<br /><a href='http://www.paddleplanner.com/tools/entrypoint.aspx?epid=62'>More Information</a>","HasLabel":0,"LabelID":-1,"Type":"Entry Points","ep_type":"Quetico","ep_name":"Carp Lake"}},
{"type":"Feature","geometry":{"type":"Point","coordinates":[-91.18469999999996,48.12263100000007,0]},"properties":{"OID":107,"Name":"Entry Point #71","FolderPath":"paddleplanner.kml (20180519)/Paddling Areas/Entry Points","SymbolID":7,"AltMode":-1,"Base":0,"Snippet":"","PopupInfo":"Knife Lake<br />Type: Quetico<br />Permits Per Day: 2<br /><a href='http://www.paddleplanner.com/tools/entrypoint.aspx?epid=71'>More Information</a>","HasLabel":0,"LabelID":-1,"Type":"Entry Points","ep_type":"Quetico","ep_name":"Knife Lake"}},
{"type":"Feature","geometry":{"type":"Point","coordinates":[-91.14450900099996,48.20594200000005,0]},"properties":{"OID":108,"Name":"Entry Point #72","FolderPath":"paddleplanner.kml (20180519)/Paddling Areas/Entry Points","SymbolID":7,"AltMode":-1,"Base":0,"Snippet":"","PopupInfo":"Man Chain Lakes<br />Type: Quetico<br />Permits Per Day: 2<br /><a href='http://www.paddleplanner.com/tools/entrypoint.aspx?epid=72'>More Information</a>","HasLabel":0,"LabelID":-1,"Type":"Entry Points","ep_type":"Quetico","ep_name":"Man Chain Lakes"}},
{"type":"Feature","geometry":{"type":"Point","coordinates":[-91.06357100099996,48.30069600000007,0]},"properties":{"OID":109,"Name":"Entry Point #73","FolderPath":"paddleplanner.kml (20180519)/Paddling Areas/Entry Points","SymbolID":7,"AltMode":-1,"Base":0,"Snippet":"","PopupInfo":"Falls Chain Lakes<br />Type: Quetico<br />Permits Per Day: 3<br /><a href='http://www.paddleplanner.com/tools/entrypoint.aspx?epid=73'>More Information</a>","HasLabel":0,"LabelID":-1,"Type":"Entry Points","ep_type":"Quetico","ep_name":"Falls Chain Lakes"}},
{"type":"Feature","geometry":{"type":"Point","coordinates":[-90.96357799899994,48.30312200000003,0]},"properties":{"OID":110,"Name":"Entry Point #74","FolderPath":"paddleplanner.kml (20180519)/Paddling Areas/Entry Points","SymbolID":7,"AltMode":-1,"Base":0,"Snippet":"","PopupInfo":"Boundary Point<br />Type: Quetico<br />Permits Per Day: 2<br /><a href='http://www.paddleplanner.com/tools/entrypoint.aspx?epid=74'>More Information</a>","HasLabel":0,"LabelID":-1,"Type":"Entry Points","ep_type":"Quetico","ep_name":"Boundary Point"}},
{"type":"Feature","geometry":{"type":"Point","coordinates":[-91.01779599999998,48.21868800000004,0]},"properties":{"OID":111,"Name":"Entry Point #75","FolderPath":"paddleplanner.kml (20180519)/Paddling Areas/Entry Points","SymbolID":7,"AltMode":-1,"Base":0,"Snippet":"","PopupInfo":"Cache Bay fly-in<br />Type: Quetico<br />Permits Per Day: 1<br /><a href='http://www.paddleplanner.com/tools/entrypoint.aspx?epid=75'>More Information</a>","HasLabel":0,"LabelID":-1,"Type":"Entry Points","ep_type":"Quetico","ep_name":"Cache Bay fly-in"}}
]}